2020-10-30T01:01:52.228071+00:00,app[web.1]:,AB_TESTING:,B,1604019668050.00,1604019712212.00,mp2,zqideic,,,
2020-10-30T01:01:52.889670+00:00,app[web.1]:,AB_TESTING:,C,1604019712828.00,0.00,0.00,kdmaklqwwm,,,
2020-10-30T01:01:57.198319+00:00,app[web.1]:,AB_TESTING:,B,1604019668050.00,1604019717103.00,mp4,zqideic,,,
2020-10-30T01:01:58.480673+00:00,app[web.1]:,AB_TESTING:,C,1604019718461.00,0.00,0.00,zqideic,,,
2020-10-30T01:02:10.496605+00:00,app[web.1]:,AB_TESTING:,B,1604019731207.00,0.00,0.00,tqfhwom,,,
2020-10-30T01:02:11.795551+00:00,app[web.1]:,AB_TESTING:,B,1604019731207.00,1604019732504.00,mp1,tqfhwom,,,
2020-10-30T01:02:13.351240+00:00,app[web.1]:,AB_TESTING:,B,1604019731207.00,1604019734057.00,mp2,tqfhwom,,,
2020-10-30T01:02:15.262303+00:00,app[web.1]:,AB_TESTING:,B,1604019731207.00,1604019735972.00,mp3,tqfhwom,,,
2020-10-30T01:02:16.907721+00:00,app[web.1]:,AB_TESTING:,B,1604019731207.00,1604019737619.00,mp4,tqfhwom,,,
2020-10-30T01:02:18.855094+00:00,app[web.1]:,AB_TESTING:,B,1604019731207.00,1604019739563.00,mp4,tqfhwom,,,
2020-10-30T01:02:19.866246+00:00,app[web.1]:,AB_TESTING:,B,1604019731207.00,1604019740575.00,mp3,tqfhwom,,,
2020-10-30T01:02:21.328602+00:00,app[web.1]:,AB_TESTING:,C,1604019742044.00,0.00,0.00,tqfhwom,,,
2020-10-30T01:02:29.452086+00:00,app[web.1]:,AB_TESTING:,C,1604019749175.00,0.00,0.00,tluatyy,,,
2020-10-30T01:02:38.230439+00:00,app[web.1]:,AB_TESTING:,B,1604019758944.00,0.00,0.00,tqfhwom,,,
2020-10-30T01:02:40.171027+00:00,app[web.1]:,AB_TESTING:,B,1604019758944.00,1604019760880.00,mp1,tqfhwom,,,
2020-10-30T01:02:41.470780+00:00,app[web.1]:,AB_TESTING:,B,1604019758944.00,1604019762178.00,mp2,tqfhwom,,,
2020-10-30T01:02:41.694316+00:00,app[web.1]:,AB_TESTING:,B,1604019758944.00,1604019762405.00,mp2,tqfhwom,,,
2020-10-30T01:02:42.999654+00:00,app[web.1]:,AB_TESTING:,B,1604019758944.00,1604019763710.00,mp3,tqfhwom,,,
2020-10-30T01:02:43.978751+00:00,app[web.1]:,AB_TESTING:,B,1604019758944.00,1604019764688.00,mp4,tqfhwom,,,
2020-10-30T01:02:44.134328+00:00,app[web.1]:,AB_TESTING:,B,1604019758944.00,1604019764846.00,mp4,tqfhwom,,,
2020-10-30T01:02:44.325713+00:00,app[web.1]:,AB_TESTING:,B,1604019758944.00,1604019765036.00,mp4,tqfhwom,,,
2020-10-30T01:02:46.660603+00:00,app[web.1]:,AB_TESTING:,C,1604019767374.00,0.00,0.00,tqfhwom,,,
2020-10-30T01:03:48.305738+00:00,app[web.1]:,AB_TESTING:,B,1604020120555.00,0.00,0.00,rdlqowal,,,
2020-10-30T01:03:51.609149+00:00,app[web.1]:,AB_TESTING:,B,1604020120555.00,1604020123855.00,mp1,rdlqowal,,,
2020-10-30T01:03:54.070740+00:00,app[web.1]:,AB_TESTING:,B,1604020120555.00,1604020126294.00,mp2,rdlqowal,,,
2020-10-30T01:03:54.811687+00:00,app[web.1]:,AB_TESTING:,B,1604020120555.00,1604020127061.00,mp1,rdlqowal,,,
2020-10-30T01:03:55.281563+00:00,app[web.1]:,AB_TESTING:,B,1604020120555.00,1604020127507.00,mp1,rdlqowal,,,
2020-10-30T01:03:55.468565+00:00,app[web.1]:,AB_TESTING:,B,1604020120555.00,1604020127723.00,mp2,rdlqowal,,,
2020-10-30T01:03:55.691924+00:00,app[web.1]:,AB_TESTING:,B,1604020120555.00,1604020127931.00,mp2,rdlqowal,,,
2020-10-30T01:03:56.526982+00:00,app[web.1]:,AB_TESTING:,B,1604020120555.00,1604020128775.00,mp3,rdlqowal,,,
2020-10-30T01:03:56.728953+00:00,app[web.1]:,AB_TESTING:,B,1604020120555.00,1604020128969.00,mp3,rdlqowal,,,
2020-10-30T01:03:56.872706+00:00,app[web.1]:,AB_TESTING:,B,1604020120555.00,1604020129130.00,mp3,rdlqowal,,,
2020-10-30T01:03:58.008187+00:00,app[web.1]:,AB_TESTING:,B,1604020120555.00,1604020130237.00,mp4,rdlqowal,,,
2020-10-30T01:03:58.331937+00:00,app[web.1]:,AB_TESTING:,B,1604020120555.00,1604020130572.00,mp4,rdlqowal,,,
2020-10-30T01:03:58.491027+00:00,app[web.1]:,AB_TESTING:,B,1604020120555.00,1604020130745.00,mp4,rdlqowal,,,
2020-10-30T01:03:59.532022+00:00,app[web.1]:,AB_TESTING:,C,1604020131784.00,0.00,0.00,rdlqowal,,,
2020-10-30T01:04:09.406604+00:00,app[web.1]:,AB_TESTING:,A,1604020141659.00,0.00,0.00,rdlqowal,,,
2020-10-30T01:04:10.200726+00:00,app[web.1]:,AB_TESTING:,A,1604020141659.00,1604020142452.00,mp2,rdlqowal,,,
2020-10-30T01:04:10.396269+00:00,app[web.1]:,AB_TESTING:,A,1604020141659.00,1604020142645.00,mp2,rdlqowal,,,
2020-10-30T01:04:10.876142+00:00,app[web.1]:,AB_TESTING:,A,1604020141659.00,1604020143115.00,mp1,rdlqowal,,,
2020-10-30T01:04:11.049113+00:00,app[web.1]:,AB_TESTING:,A,1604020141659.00,1604020143296.00,mp1,rdlqowal,,,
2020-10-30T01:04:12.080545+00:00,app[web.1]:,AB_TESTING:,A,1604020141659.00,1604020144308.00,mp3,rdlqowal,,,
2020-10-30T01:04:12.237086+00:00,app[web.1]:,AB_TESTING:,A,1604020141659.00,1604020144479.00,mp3,rdlqowal,,,
2020-10-30T01:04:12.606857+00:00,app[web.1]:,AB_TESTING:,A,1604020141659.00,1604020144808.00,mp4,rdlqowal,,,
2020-10-30T01:04:12.731777+00:00,app[web.1]:,AB_TESTING:,A,1604020141659.00,1604020144976.00,mp4,rdlqowal,,,
2020-10-30T01:04:12.917453+00:00,app[web.1]:,AB_TESTING:,A,1604020141659.00,1604020145145.00,mp4,rdlqowal,,,
2020-10-30T01:04:13.088291+00:00,app[web.1]:,AB_TESTING:,A,1604020141659.00,1604020145319.00,mp4,rdlqowal,,,
2020-10-30T01:04:13.918021+00:00,app[web.1]:,AB_TESTING:,A,1604020141659.00,1604020146131.00,mp3,rdlqowal,,,
2020-10-30T01:04:14.676042+00:00,app[web.1]:,AB_TESTING:,C,1604020146917.00,0.00,0.00,rdlqowal,,,
2020-10-30T01:04:17.957867+00:00,app[web.1]:,AB_TESTING:,C,1604020150202.00,0.00,0.00,rdlqowal,,,
2020-10-30T01:04:22.199826+00:00,app[web.1]:,AB_TESTING:,A,1604020154424.00,0.00,0.00,rdlqowal,,,
2020-10-30T01:04:22.883504+00:00,app[web.1]:,AB_TESTING:,A,1604020154424.00,1604020155141.00,mp1,rdlqowal,,,
2020-10-30T01:04:23.392416+00:00,app[web.1]:,AB_TESTING:,A,1604020154424.00,1604020155627.00,mp2,rdlqowal,,,
2020-10-30T01:04:23.547314+00:00,app[web.1]:,AB_TESTING:,A,1604020154424.00,1604020155805.00,mp2,rdlqowal,,,
2020-10-30T01:04:23.708135+00:00,app[web.1]:,AB_TESTING:,A,1604020154424.00,1604020155965.00,mp2,rdlqowal,,,
2020-10-30T01:04:24.552975+00:00,app[web.1]:,AB_TESTING:,A,1604020154424.00,1604020156793.00,mp4,rdlqowal,,,
2020-10-30T01:04:24.720989+00:00,app[web.1]:,AB_TESTING:,A,1604020154424.00,1604020156967.00,mp4,rdlqowal,,,
2020-10-30T01:04:25.009343+00:00,app[web.1]:,AB_TESTING:,A,1604020154424.00,1604020157256.00,mp3,rdlqowal,,,
2020-10-30T01:04:25.203272+00:00,app[web.1]:,AB_TESTING:,A,1604020154424.00,1604020157426.00,mp3,rdlqowal,,,
2020-10-30T01:04:26.043939+00:00,app[web.1]:,AB_TESTING:,C,1604020158303.00,0.00,0.00,rdlqowal,,,
2020-10-30T01:04:30.951380+00:00,app[web.1]:,AB_TESTING:,C,1604020163172.00,0.00,0.00,rdlqowal,,,
2020-10-30T01:04:36.904477+00:00,app[web.1]:,AB_TESTING:,A,1604020169044.00,0.00,0.00,rdlqowal,,,
2020-10-30T01:04:39.047335+00:00,app[web.1]:,AB_TESTING:,A,1604020171302.00,0.00,0.00,rdlqowal,,,
2020-10-30T01:04:40.471770+00:00,app[web.1]:,AB_TESTING:,A,1604020171302.00,1604020172662.00,mp1,rdlqowal,,,
2020-10-30T01:04:40.925036+00:00,app[web.1]:,AB_TESTING:,A,1604020171302.00,1604020173163.00,mp2,rdlqowal,,,
2020-10-30T01:04:43.285671+00:00,app[web.1]:,AB_TESTING:,A,1604020175524.00,0.00,0.00,rdlqowal,,,
2020-10-30T01:04:43.915209+00:00,app[web.1]:,AB_TESTING:,A,1604020175524.00,1604020176145.00,mp4,rdlqowal,,,
2020-10-30T01:04:44.367859+00:00,app[web.1]:,AB_TESTING:,A,1604020175524.00,1604020176609.00,mp3,rdlqowal,,,
2020-10-30T01:04:44.987759+00:00,app[web.1]:,AB_TESTING:,A,1604020175524.00,1604020177236.00,mp4,rdlqowal,,,
2020-10-30T01:04:46.282297+00:00,app[web.1]:,AB_TESTING:,A,1604020175524.00,1604020178516.00,mp2,rdlqowal,,,
2020-10-30T01:04:46.751014+00:00,app[web.1]:,AB_TESTING:,A,1604020175524.00,1604020178976.00,mp3,rdlqowal,,,
2020-10-30T01:04:46.889853+00:00,app[web.1]:,AB_TESTING:,A,1604020175524.00,1604020179132.00,mp3,rdlqowal,,,
2020-10-30T01:04:47.561135+00:00,app[web.1]:,AB_TESTING:,A,1604020175524.00,1604020179798.00,mp1,rdlqowal,,,
2020-10-30T01:04:48.146757+00:00,app[web.1]:,AB_TESTING:,A,1604020175524.00,1604020180391.00,mp4,rdlqowal,,,
2020-10-30T01:04:48.316486+00:00,app[web.1]:,AB_TESTING:,A,1604020175524.00,1604020180547.00,mp4,rdlqowal,,,
2020-10-30T01:04:49.241181+00:00,app[web.1]:,AB_TESTING:,C,1604020181459.00,0.00,0.00,rdlqowal,,,
2020-10-30T01:04:50.890527+00:00,app[web.1]:,AB_TESTING:,C,1604020183127.00,0.00,0.00,rdlqowal,,,
2020-10-30T01:04:57.314713+00:00,app[web.1]:,AB_TESTING:,A,1604020169044.00,1604020189562.00,mp3,rdlqowal,,,
2020-10-30T01:04:57.511537+00:00,app[web.1]:,AB_TESTING:,A,1604020169044.00,1604020189758.00,mp3,rdlqowal,,,
2020-10-30T01:04:57.855051+00:00,app[web.1]:,AB_TESTING:,A,1604020169044.00,1604020190100.00,mp4,rdlqowal,,,
2020-10-30T01:04:58.079124+00:00,app[web.1]:,AB_TESTING:,A,1604020169044.00,1604020190307.00,mp4,rdlqowal,,,
2020-10-30T01:04:58.236717+00:00,app[web.1]:,AB_TESTING:,A,1604020169044.00,1604020190475.00,mp4,rdlqowal,,,
2020-10-30T01:04:58.412345+00:00,app[web.1]:,AB_TESTING:,A,1604020169044.00,1604020190652.00,mp4,rdlqowal,,,
2020-10-30T01:04:58.973522+00:00,app[web.1]:,AB_TESTING:,A,1604020169044.00,1604020191219.00,mp2,rdlqowal,,,
2020-10-30T01:04:59.166640+00:00,app[web.1]:,AB_TESTING:,A,1604020169044.00,1604020191377.00,mp2,rdlqowal,,,
2020-10-30T01:04:59.292573+00:00,app[web.1]:,AB_TESTING:,A,1604020169044.00,1604020191536.00,mp2,rdlqowal,,,
2020-10-30T01:04:59.764753+00:00,app[web.1]:,AB_TESTING:,A,1604020169044.00,1604020191996.00,mp3,rdlqowal,,,
2020-10-30T01:05:00.355538+00:00,app[web.1]:,AB_TESTING:,C,1604020192573.00,0.00,0.00,rdlqowal,,,
2020-10-30T01:05:59.647905+00:00,app[web.1]:,AB_TESTING:,B,1604019959549.00,0.00,0.00,sizntautl,,,
2020-10-30T01:06:02.743586+00:00,app[web.1]:,AB_TESTING:,A,1604019961547.00,0.00,0.00,zuozlufw,,,
2020-10-30T01:06:43.391449+00:00,app[web.1]:,AB_TESTING:,B,1604019959549.00,1604020003376.00,mp1,sizntautl,,,
2020-10-30T01:06:43.688491+00:00,app[web.1]:,AB_TESTING:,B,1604019959549.00,1604020003569.00,mp1,sizntautl,,,
2020-10-30T01:06:43.781299+00:00,app[web.1]:,AB_TESTING:,B,1604019959549.00,1604020003755.00,mp1,sizntautl,,,
2020-10-30T01:06:43.941791+00:00,app[web.1]:,AB_TESTING:,B,1604019959549.00,1604020003927.00,mp1,sizntautl,,,
2020-10-30T01:06:44.107279+00:00,app[web.1]:,AB_TESTING:,B,1604019959549.00,1604020004091.00,mp1,sizntautl,,,
2020-10-30T01:06:44.266291+00:00,app[web.1]:,AB_TESTING:,B,1604019959549.00,1604020004252.00,mp1,sizntautl,,,
2020-10-30T01:06:44.465022+00:00,app[web.1]:,AB_TESTING:,B,1604019959549.00,1604020004432.00,mp1,sizntautl,,,
2020-10-30T01:06:44.738509+00:00,app[web.1]:,AB_TESTING:,B,1604019959549.00,1604020004603.00,mp1,sizntautl,,,
2020-10-30T01:06:44.796339+00:00,app[web.1]:,AB_TESTING:,B,1604019959549.00,1604020004782.00,mp1,sizntautl,,,
2020-10-30T01:06:45.002545+00:00,app[web.1]:,AB_TESTING:,B,1604019959549.00,1604020004986.00,mp1,sizntautl,,,
2020-10-30T01:06:45.179224+00:00,app[web.1]:,AB_TESTING:,B,1604019959549.00,1604020005165.00,mp1,sizntautl,,,
2020-10-30T01:06:45.931452+00:00,app[web.1]:,AB_TESTING:,B,1604019959549.00,1604020005914.00,mp1,sizntautl,,,
2020-10-30T01:06:46.179016+00:00,app[web.1]:,AB_TESTING:,B,1604019959549.00,1604020006101.00,mp1,sizntautl,,,
2020-10-30T01:06:46.294136+00:00,app[web.1]:,AB_TESTING:,B,1604019959549.00,1604020006281.00,mp1,sizntautl,,,
2020-10-30T01:06:46.475170+00:00,app[web.1]:,AB_TESTING:,B,1604019959549.00,1604020006460.00,mp1,sizntautl,,,
2020-10-30T01:06:46.834735+00:00,app[web.1]:,AB_TESTING:,B,1604019959549.00,1604020006639.00,mp1,sizntautl,,,
2020-10-30T01:06:46.870381+00:00,app[web.1]:,AB_TESTING:,B,1604019959549.00,1604020006856.00,mp1,sizntautl,,,
2020-10-30T01:06:46.989409+00:00,app[web.1]:,AB_TESTING:,B,1604019959549.00,1604020006973.00,mp1,sizntautl,,,
2020-10-30T01:06:47.225649+00:00,app[web.1]:,AB_TESTING:,B,1604019959549.00,1604020007151.00,mp1,sizntautl,,,
2020-10-30T01:06:47.373647+00:00,app[web.1]:,AB_TESTING:,B,1604019959549.00,1604020007323.00,mp1,sizntautl,,,
2020-10-30T01:06:52.382051+00:00,app[web.1]:,AB_TESTING:,C,1604020012357.00,0.00,0.00,sizntautl,,,
2020-10-30T01:06:54.759683+00:00,app[web.1]:,AB_TESTING:,A,1604019569536.00,1604020014568.00,mp1,pqpnr,,,
2020-10-30T01:06:55.503250+00:00,app[web.1]:,AB_TESTING:,A,1604019569536.00,1604020015461.00,mp2,pqpnr,,,
2020-10-30T01:06:56.243513+00:00,app[web.1]:,AB_TESTING:,A,1604019569536.00,1604020016194.00,mp2,pqpnr,,,
2020-10-30T01:06:56.409408+00:00,app[web.1]:,AB_TESTING:,A,1604019569536.00,1604020016368.00,mp2,pqpnr,,,
2020-10-30T01:06:56.578994+00:00,app[web.1]:,AB_TESTING:,A,1604019569536.00,1604020016547.00,mp2,pqpnr,,,
2020-10-30T01:06:56.710182+00:00,app[web.1]:,AB_TESTING:,A,1604019569536.00,1604020016680.00,mp2,pqpnr,,,
2020-10-30T01:06:56.867280+00:00,app[web.1]:,AB_TESTING:,A,1604019569536.00,1604020016832.00,mp2,pqpnr,,,
2020-10-30T01:06:58.410801+00:00,app[web.1]:,AB_TESTING:,A,1604019569536.00,1604020018374.00,mp4,pqpnr,,,
2020-10-30T01:06:58.609013+00:00,app[web.1]:,AB_TESTING:,A,1604019569536.00,1604020018578.00,mp4,pqpnr,,,
2020-10-30T01:06:58.791728+00:00,app[web.1]:,AB_TESTING:,A,1604019569536.00,1604020018752.00,mp4,pqpnr,,,
2020-10-30T01:06:58.955210+00:00,app[web.1]:,AB_TESTING:,A,1604019569536.00,1604020018916.00,mp4,pqpnr,,,
2020-10-30T01:06:59.124303+00:00,app[web.1]:,AB_TESTING:,A,1604019569536.00,1604020019083.00,mp4,pqpnr,,,
2020-10-30T01:07:00.606890+00:00,app[web.1]:,AB_TESTING:,C,1604020020570.00,0.00,0.00,pqpnr,,,
2020-10-30T01:07:14.633495+00:00,app[web.1]:,AB_TESTING:,B,1604020034620.00,0.00,0.00,sizntautl,,,
2020-10-30T01:07:16.998593+00:00,app[web.1]:,AB_TESTING:,B,1604020034620.00,1604020036985.00,mp2,sizntautl,,,
2020-10-30T01:07:17.267296+00:00,app[web.1]:,AB_TESTING:,B,1604020034620.00,1604020037252.00,mp2,sizntautl,,,
2020-10-30T01:07:17.437876+00:00,app[web.1]:,AB_TESTING:,B,1604020034620.00,1604020037424.00,mp2,sizntautl,,,
2020-10-30T01:07:17.636462+00:00,app[web.1]:,AB_TESTING:,B,1604020034620.00,1604020037578.00,mp2,sizntautl,,,
2020-10-30T01:07:17.762640+00:00,app[web.1]:,AB_TESTING:,B,1604020034620.00,1604020037750.00,mp2,sizntautl,,,
2020-10-30T01:07:17.936103+00:00,app[web.1]:,AB_TESTING:,B,1604020034620.00,1604020037904.00,mp2,sizntautl,,,
2020-10-30T01:07:18.293361+00:00,app[web.1]:,AB_TESTING:,B,1604020034620.00,1604020038084.00,mp2,sizntautl,,,
2020-10-30T01:07:18.327110+00:00,app[web.1]:,AB_TESTING:,B,1604020034620.00,1604020038315.00,mp2,sizntautl,,,
2020-10-30T01:07:18.913159+00:00,app[web.1]:,AB_TESTING:,B,1604020034620.00,1604020038898.00,mp3,sizntautl,,,
2020-10-30T01:07:19.061736+00:00,app[web.1]:,AB_TESTING:,B,1604020034620.00,1604020039050.00,mp3,sizntautl,,,
2020-10-30T01:07:19.340353+00:00,app[web.1]:,AB_TESTING:,B,1604020034620.00,1604020039213.00,mp3,sizntautl,,,
2020-10-30T01:07:19.388121+00:00,app[web.1]:,AB_TESTING:,B,1604020034620.00,1604020039376.00,mp3,sizntautl,,,
2020-10-30T01:07:19.544694+00:00,app[web.1]:,AB_TESTING:,B,1604020034620.00,1604020039533.00,mp3,sizntautl,,,
2020-10-30T01:07:21.088219+00:00,app[web.1]:,AB_TESTING:,C,1604020041074.00,0.00,0.00,sizntautl,,,
2020-10-30T01:07:26.688184+00:00,app[web.1]:,AB_TESTING:,B,1604020046597.00,0.00,0.00,sizntautl,,,
2020-10-30T01:07:28.777828+00:00,app[web.1]:,AB_TESTING:,B,1604020046597.00,1604020048753.00,mp4,sizntautl,,,
2020-10-30T01:07:28.936235+00:00,app[web.1]:,AB_TESTING:,B,1604020046597.00,1604020048923.00,mp4,sizntautl,,,
2020-10-30T01:07:29.171943+00:00,app[web.1]:,AB_TESTING:,B,1604020046597.00,1604020049094.00,mp4,sizntautl,,,
2020-10-30T01:07:29.288089+00:00,app[web.1]:,AB_TESTING:,B,1604020046597.00,1604020049274.00,mp4,sizntautl,,,
2020-10-30T01:07:29.467574+00:00,app[web.1]:,AB_TESTING:,B,1604020046597.00,1604020049453.00,mp4,sizntautl,,,
2020-10-30T01:07:29.827203+00:00,app[web.1]:,AB_TESTING:,B,1604020046597.00,1604020049706.00,mp4,sizntautl,,,
2020-10-30T01:07:29.907924+00:00,app[web.1]:,AB_TESTING:,B,1604020046597.00,1604020049893.00,mp4,sizntautl,,,
2020-10-30T01:07:30.104528+00:00,app[web.1]:,AB_TESTING:,B,1604020046597.00,1604020050072.00,mp4,sizntautl,,,
2020-10-30T01:07:30.250858+00:00,app[web.1]:,AB_TESTING:,B,1604020046597.00,1604020050235.00,mp4,sizntautl,,,
2020-10-30T01:07:30.419313+00:00,app[web.1]:,AB_TESTING:,B,1604020046597.00,1604020050398.00,mp4,sizntautl,,,
2020-10-30T01:07:30.575507+00:00,app[web.1]:,AB_TESTING:,B,1604020046597.00,1604020050561.00,mp4,sizntautl,,,
2020-10-30T01:07:30.874342+00:00,app[web.1]:,AB_TESTING:,B,1604020046597.00,1604020050740.00,mp4,sizntautl,,,
2020-10-30T01:07:30.923928+00:00,app[web.1]:,AB_TESTING:,B,1604020046597.00,1604020050911.00,mp4,sizntautl,,,
2020-10-30T01:07:31.108181+00:00,app[web.1]:,AB_TESTING:,B,1604020046597.00,1604020051090.00,mp4,sizntautl,,,
2020-10-30T01:07:31.287320+00:00,app[web.1]:,AB_TESTING:,B,1604020046597.00,1604020051261.00,mp4,sizntautl,,,
2020-10-30T01:07:31.449892+00:00,app[web.1]:,AB_TESTING:,B,1604020046597.00,1604020051439.00,mp4,sizntautl,,,
2020-10-30T01:07:31.624203+00:00,app[web.1]:,AB_TESTING:,B,1604020046597.00,1604020051604.00,mp4,sizntautl,,,
2020-10-30T01:07:31.923601+00:00,app[web.1]:,AB_TESTING:,B,1604020046597.00,1604020051767.00,mp4,sizntautl,,,
2020-10-30T01:07:31.968754+00:00,app[web.1]:,AB_TESTING:,B,1604020046597.00,1604020051952.00,mp4,sizntautl,,,
2020-10-30T01:07:32.147519+00:00,app[web.1]:,AB_TESTING:,B,1604020046597.00,1604020052133.00,mp4,sizntautl,,,
2020-10-30T01:07:32.327580+00:00,app[web.1]:,AB_TESTING:,B,1604020046597.00,1604020052312.00,mp4,sizntautl,,,
2020-10-30T01:07:32.496732+00:00,app[web.1]:,AB_TESTING:,B,1604020046597.00,1604020052482.00,mp4,sizntautl,,,
2020-10-30T01:07:32.677031+00:00,app[web.1]:,AB_TESTING:,B,1604020046597.00,1604020052662.00,mp4,sizntautl,,,
2020-10-30T01:07:32.973901+00:00,app[web.1]:,AB_TESTING:,B,1604020046597.00,1604020052849.00,mp4,sizntautl,,,
2020-10-30T01:07:33.051586+00:00,app[web.1]:,AB_TESTING:,B,1604020046597.00,1604020053036.00,mp4,sizntautl,,,
2020-10-30T01:07:33.227905+00:00,app[web.1]:,AB_TESTING:,B,1604020046597.00,1604020053215.00,mp4,sizntautl,,,
2020-10-30T01:07:33.402094+00:00,app[web.1]:,AB_TESTING:,B,1604020046597.00,1604020053387.00,mp4,sizntautl,,,
2020-10-30T01:07:33.579941+00:00,app[web.1]:,AB_TESTING:,B,1604020046597.00,1604020053566.00,mp4,sizntautl,,,
2020-10-30T01:07:33.760794+00:00,app[web.1]:,AB_TESTING:,B,1604020046597.00,1604020053746.00,mp4,sizntautl,,,
2020-10-30T01:07:34.020974+00:00,app[web.1]:,AB_TESTING:,B,1604020046597.00,1604020053916.00,mp4,sizntautl,,,
2020-10-30T01:07:34.116543+00:00,app[web.1]:,AB_TESTING:,B,1604020046597.00,1604020054070.00,mp4,sizntautl,,,
2020-10-30T01:07:34.255228+00:00,app[web.1]:,AB_TESTING:,B,1604020046597.00,1604020054241.00,mp4,sizntautl,,,
2020-10-30T01:07:34.438932+00:00,app[web.1]:,AB_TESTING:,B,1604020046597.00,1604020054404.00,mp4,sizntautl,,,
2020-10-30T01:07:35.673840+00:00,app[web.1]:,AB_TESTING:,C,1604020055659.00,0.00,0.00,sizntautl,,,
2020-10-30T01:10:23.304621+00:00,app[web.1]:,AB_TESTING:,A,1604020223239.00,0.00,0.00,btlwqik,,,
2020-10-30T01:10:24.903276+00:00,app[web.1]:,AB_TESTING:,A,1604020223239.00,1604020224875.00,mp1,btlwqik,,,
2020-10-30T01:10:25.339882+00:00,app[web.1]:,AB_TESTING:,A,1604020223239.00,1604020225313.00,mp1,btlwqik,,,
2020-10-30T01:10:25.468876+00:00,app[web.1]:,AB_TESTING:,A,1604020223239.00,1604020225444.00,mp1,btlwqik,,,
2020-10-30T01:10:25.635125+00:00,app[web.1]:,AB_TESTING:,A,1604020223239.00,1604020225614.00,mp1,btlwqik,,,
2020-10-30T01:10:25.806330+00:00,app[web.1]:,AB_TESTING:,A,1604020223239.00,1604020225781.00,mp1,btlwqik,,,
2020-10-30T01:10:25.973133+00:00,app[web.1]:,AB_TESTING:,A,1604020223239.00,1604020225946.00,mp1,btlwqik,,,
2020-10-30T01:10:26.145295+00:00,app[web.1]:,AB_TESTING:,A,1604020223239.00,1604020226115.00,mp1,btlwqik,,,
2020-10-30T01:10:26.315277+00:00,app[web.1]:,AB_TESTING:,A,1604020223239.00,1604020226290.00,mp1,btlwqik,,,
2020-10-30T01:10:26.471599+00:00,app[web.1]:,AB_TESTING:,A,1604020223239.00,1604020226445.00,mp1,btlwqik,,,
2020-10-30T01:10:26.641192+00:00,app[web.1]:,AB_TESTING:,A,1604020223239.00,1604020226613.00,mp1,btlwqik,,,
2020-10-30T01:10:26.811308+00:00,app[web.1]:,AB_TESTING:,A,1604020223239.00,1604020226779.00,mp1,btlwqik,,,
2020-10-30T01:10:26.967066+00:00,app[web.1]:,AB_TESTING:,A,1604020223239.00,1604020226940.00,mp1,btlwqik,,,
2020-10-30T01:10:27.136538+00:00,app[web.1]:,AB_TESTING:,A,1604020223239.00,1604020227103.00,mp1,btlwqik,,,
2020-10-30T01:10:27.298939+00:00,app[web.1]:,AB_TESTING:,A,1604020223239.00,1604020227268.00,mp1,btlwqik,,,
2020-10-30T01:10:27.444178+00:00,app[web.1]:,AB_TESTING:,A,1604020223239.00,1604020227421.00,mp1,btlwqik,,,
2020-10-30T01:10:27.603759+00:00,app[web.1]:,AB_TESTING:,A,1604020223239.00,1604020227579.00,mp1,btlwqik,,,
2020-10-30T01:10:27.785043+00:00,app[web.1]:,AB_TESTING:,A,1604020223239.00,1604020227756.00,mp1,btlwqik,,,
2020-10-30T01:10:27.950316+00:00,app[web.1]:,AB_TESTING:,A,1604020223239.00,1604020227922.00,mp1,btlwqik,,,
2020-10-30T01:10:28.124681+00:00,app[web.1]:,AB_TESTING:,A,1604020223239.00,1604020228080.00,mp1,btlwqik,,,
2020-10-30T01:10:28.254193+00:00,app[web.1]:,AB_TESTING:,A,1604020223239.00,1604020228231.00,mp1,btlwqik,,,
2020-10-30T01:10:28.463187+00:00,app[web.1]:,AB_TESTING:,A,1604020223239.00,1604020228422.00,mp1,btlwqik,,,
2020-10-30T01:10:28.611234+00:00,app[web.1]:,AB_TESTING:,A,1604020223239.00,1604020228586.00,mp1,btlwqik,,,
2020-10-30T01:10:28.772215+00:00,app[web.1]:,AB_TESTING:,A,1604020223239.00,1604020228746.00,mp1,btlwqik,,,
2020-10-30T01:10:28.930681+00:00,app[web.1]:,AB_TESTING:,A,1604020223239.00,1604020228907.00,mp1,btlwqik,,,
2020-10-30T01:10:29.091674+00:00,app[web.1]:,AB_TESTING:,A,1604020223239.00,1604020229069.00,mp1,btlwqik,,,
2020-10-30T01:10:29.280834+00:00,app[web.1]:,AB_TESTING:,A,1604020223239.00,1604020229256.00,mp1,btlwqik,,,
2020-10-30T01:10:29.427461+00:00,app[web.1]:,AB_TESTING:,A,1604020223239.00,1604020229405.00,mp1,btlwqik,,,
2020-10-30T01:10:29.599862+00:00,app[web.1]:,AB_TESTING:,A,1604020223239.00,1604020229573.00,mp1,btlwqik,,,
2020-10-30T01:10:29.743125+00:00,app[web.1]:,AB_TESTING:,A,1604020223239.00,1604020229721.00,mp1,btlwqik,,,
2020-10-30T01:10:30.049399+00:00,app[web.1]:,AB_TESTING:,A,1604020223239.00,1604020230016.00,mp1,btlwqik,,,
2020-10-30T01:10:30.208795+00:00,app[web.1]:,AB_TESTING:,A,1604020223239.00,1604020230181.00,mp1,btlwqik,,,
2020-10-30T01:10:30.375514+00:00,app[web.1]:,AB_TESTING:,A,1604020223239.00,1604020230343.00,mp1,btlwqik,,,
2020-10-30T01:10:30.554105+00:00,app[web.1]:,AB_TESTING:,A,1604020223239.00,1604020230522.00,mp1,btlwqik,,,
2020-10-30T01:10:30.709604+00:00,app[web.1]:,AB_TESTING:,A,1604020223239.00,1604020230680.00,mp1,btlwqik,,,
2020-10-30T01:10:30.888597+00:00,app[web.1]:,AB_TESTING:,A,1604020223239.00,1604020230857.00,mp1,btlwqik,,,
2020-10-30T01:10:31.066803+00:00,app[web.1]:,AB_TESTING:,A,1604020223239.00,1604020231040.00,mp1,btlwqik,,,
2020-10-30T01:10:31.235742+00:00,app[web.1]:,AB_TESTING:,A,1604020223239.00,1604020231209.00,mp1,btlwqik,,,
2020-10-30T01:10:31.418887+00:00,app[web.1]:,AB_TESTING:,A,1604020223239.00,1604020231391.00,mp1,btlwqik,,,
2020-10-30T01:10:31.585705+00:00,app[web.1]:,AB_TESTING:,A,1604020223239.00,1604020231556.00,mp1,btlwqik,,,
2020-10-30T01:10:31.772233+00:00,app[web.1]:,AB_TESTING:,A,1604020223239.00,1604020231745.00,mp1,btlwqik,,,
2020-10-30T01:10:31.944993+00:00,app[web.1]:,AB_TESTING:,A,1604020223239.00,1604020231923.00,mp1,btlwqik,,,
2020-10-30T01:10:32.123257+00:00,app[web.1]:,AB_TESTING:,A,1604020223239.00,1604020232092.00,mp1,btlwqik,,,
2020-10-30T01:10:32.279823+00:00,app[web.1]:,AB_TESTING:,A,1604020223239.00,1604020232256.00,mp1,btlwqik,,,
2020-10-30T01:10:32.464698+00:00,app[web.1]:,AB_TESTING:,A,1604020223239.00,1604020232442.00,mp1,btlwqik,,,
2020-10-30T01:10:32.628866+00:00,app[web.1]:,AB_TESTING:,A,1604020223239.00,1604020232604.00,mp1,btlwqik,,,
2020-10-30T01:10:32.778385+00:00,app[web.1]:,AB_TESTING:,A,1604020223239.00,1604020232757.00,mp1,btlwqik,,,
2020-10-30T01:10:32.969210+00:00,app[web.1]:,AB_TESTING:,A,1604020223239.00,1604020232943.00,mp1,btlwqik,,,
2020-10-30T01:10:33.136304+00:00,app[web.1]:,AB_TESTING:,A,1604020223239.00,1604020233111.00,mp1,btlwqik,,,
2020-10-30T01:10:33.298027+00:00,app[web.1]:,AB_TESTING:,A,1604020223239.00,1604020233272.00,mp1,btlwqik,,,
2020-10-30T01:10:33.466219+00:00,app[web.1]:,AB_TESTING:,A,1604020223239.00,1604020233443.00,mp1,btlwqik,,,
2020-10-30T01:10:33.632824+00:00,app[web.1]:,AB_TESTING:,A,1604020223239.00,1604020233608.00,mp1,btlwqik,,,
2020-10-30T01:10:33.817754+00:00,app[web.1]:,AB_TESTING:,A,1604020223239.00,1604020233792.00,mp1,btlwqik,,,
2020-10-30T01:10:33.985676+00:00,app[web.1]:,AB_TESTING:,A,1604020223239.00,1604020233954.00,mp1,btlwqik,,,
2020-10-30T01:10:34.148614+00:00,app[web.1]:,AB_TESTING:,A,1604020223239.00,1604020234123.00,mp1,btlwqik,,,
2020-10-30T01:10:34.312116+00:00,app[web.1]:,AB_TESTING:,A,1604020223239.00,1604020234285.00,mp1,btlwqik,,,
2020-10-30T01:10:34.487077+00:00,app[web.1]:,AB_TESTING:,A,1604020223239.00,1604020234461.00,mp1,btlwqik,,,
2020-10-30T01:10:34.654433+00:00,app[web.1]:,AB_TESTING:,A,1604020223239.00,1604020234625.00,mp1,btlwqik,,,
2020-10-30T01:10:34.822825+00:00,app[web.1]:,AB_TESTING:,A,1604020223239.00,1604020234796.00,mp1,btlwqik,,,
2020-10-30T01:10:34.977863+00:00,app[web.1]:,AB_TESTING:,A,1604020223239.00,1604020234953.00,mp1,btlwqik,,,
2020-10-30T01:10:35.164531+00:00,app[web.1]:,AB_TESTING:,A,1604020223239.00,1604020235140.00,mp1,btlwqik,,,
2020-10-30T01:10:35.299609+00:00,app[web.1]:,AB_TESTING:,A,1604020223239.00,1604020235279.00,mp1,btlwqik,,,
2020-10-30T01:10:35.472152+00:00,app[web.1]:,AB_TESTING:,A,1604020223239.00,1604020235450.00,mp1,btlwqik,,,
2020-10-30T01:10:35.640075+00:00,app[web.1]:,AB_TESTING:,A,1604020223239.00,1604020235613.00,mp1,btlwqik,,,
2020-10-30T01:10:35.785813+00:00,app[web.1]:,AB_TESTING:,A,1604020223239.00,1604020235764.00,mp1,btlwqik,,,
2020-10-30T01:10:35.910000+00:00,app[web.1]:,AB_TESTING:,A,1604020223239.00,1604020235887.00,mp1,btlwqik,,,
2020-10-30T01:10:36.047974+00:00,app[web.1]:,AB_TESTING:,A,1604020223239.00,1604020236018.00,mp1,btlwqik,,,
2020-10-30T01:10:36.191624+00:00,app[web.1]:,AB_TESTING:,A,1604020223239.00,1604020236167.00,mp1,btlwqik,,,
2020-10-30T01:10:36.349785+00:00,app[web.1]:,AB_TESTING:,A,1604020223239.00,1604020236324.00,mp1,btlwqik,,,
2020-10-30T01:10:36.515035+00:00,app[web.1]:,AB_TESTING:,A,1604020223239.00,1604020236488.00,mp1,btlwqik,,,
2020-10-30T01:10:36.668013+00:00,app[web.1]:,AB_TESTING:,A,1604020223239.00,1604020236640.00,mp1,btlwqik,,,
2020-10-30T01:10:36.833187+00:00,app[web.1]:,AB_TESTING:,A,1604020223239.00,1604020236810.00,mp1,btlwqik,,,
2020-10-30T01:10:40.140349+00:00,app[web.1]:,AB_TESTING:,A,1604020223239.00,1604020240113.00,mp1,btlwqik,,,
2020-10-30T01:10:40.415445+00:00,app[web.1]:,AB_TESTING:,A,1604020223239.00,1604020240388.00,mp1,btlwqik,,,
2020-10-30T01:10:40.756320+00:00,app[web.1]:,AB_TESTING:,A,1604020223239.00,1604020240729.00,mp1,btlwqik,,,
2020-10-30T01:10:41.002357+00:00,app[web.1]:,AB_TESTING:,A,1604020223239.00,1604020240977.00,mp1,btlwqik,,,
2020-10-30T01:10:41.628864+00:00,app[web.1]:,AB_TESTING:,A,1604020223239.00,1604020241600.00,mp2,btlwqik,,,
2020-10-30T01:10:41.785215+00:00,app[web.1]:,AB_TESTING:,A,1604020223239.00,1604020241758.00,mp2,btlwqik,,,
2020-10-30T01:10:41.950226+00:00,app[web.1]:,AB_TESTING:,A,1604020223239.00,1604020241910.00,mp2,btlwqik,,,
2020-10-30T01:10:42.101073+00:00,app[web.1]:,AB_TESTING:,A,1604020223239.00,1604020242078.00,mp2,btlwqik,,,
2020-10-30T01:10:42.254482+00:00,app[web.1]:,AB_TESTING:,A,1604020223239.00,1604020242230.00,mp2,btlwqik,,,
2020-10-30T01:10:42.420697+00:00,app[web.1]:,AB_TESTING:,A,1604020223239.00,1604020242399.00,mp2,btlwqik,,,
2020-10-30T01:10:42.586736+00:00,app[web.1]:,AB_TESTING:,A,1604020223239.00,1604020242561.00,mp2,btlwqik,,,
2020-10-30T01:10:42.745893+00:00,app[web.1]:,AB_TESTING:,A,1604020223239.00,1604020242722.00,mp2,btlwqik,,,
2020-10-30T01:10:42.916657+00:00,app[web.1]:,AB_TESTING:,A,1604020223239.00,1604020242891.00,mp2,btlwqik,,,
2020-10-30T01:10:43.052820+00:00,app[web.1]:,AB_TESTING:,A,1604020223239.00,1604020243031.00,mp2,btlwqik,,,
2020-10-30T01:10:43.233055+00:00,app[web.1]:,AB_TESTING:,A,1604020223239.00,1604020243207.00,mp2,btlwqik,,,
2020-10-30T01:10:43.374666+00:00,app[web.1]:,AB_TESTING:,A,1604020223239.00,1604020243349.00,mp2,btlwqik,,,
2020-10-30T01:10:45.963003+00:00,app[web.1]:,AB_TESTING:,A,1604020245933.00,0.00,0.00,zaquojo,,,
2020-10-30T01:10:53.947665+00:00,app[web.1]:,AB_TESTING:,A,1604020223239.00,1604020253909.00,mp2,btlwqik,,,
2020-10-30T01:10:54.082201+00:00,app[web.1]:,AB_TESTING:,A,1604020223239.00,1604020254062.00,mp2,btlwqik,,,
2020-10-30T01:10:54.253400+00:00,app[web.1]:,AB_TESTING:,A,1604020223239.00,1604020254231.00,mp2,btlwqik,,,
2020-10-30T01:10:54.412914+00:00,app[web.1]:,AB_TESTING:,A,1604020223239.00,1604020254389.00,mp2,btlwqik,,,
2020-10-30T01:10:54.582030+00:00,app[web.1]:,AB_TESTING:,A,1604020223239.00,1604020254554.00,mp2,btlwqik,,,
2020-10-30T01:10:55.004840+00:00,app[web.1]:,AB_TESTING:,A,1604020223239.00,1604020254979.00,mp2,btlwqik,,,
2020-10-30T01:10:55.156753+00:00,app[web.1]:,AB_TESTING:,A,1604020223239.00,1604020255129.00,mp2,btlwqik,,,
2020-10-30T01:10:55.345857+00:00,app[web.1]:,AB_TESTING:,A,1604020223239.00,1604020255320.00,mp2,btlwqik,,,
2020-10-30T01:10:55.502708+00:00,app[web.1]:,AB_TESTING:,A,1604020223239.00,1604020255476.00,mp2,btlwqik,,,
2020-10-30T01:10:55.816134+00:00,app[web.1]:,AB_TESTING:,A,1604020223239.00,1604020255655.00,mp2,btlwqik,,,
2020-10-30T01:10:55.877823+00:00,app[web.1]:,AB_TESTING:,A,1604020223239.00,1604020255856.00,mp2,btlwqik,,,
2020-10-30T01:10:58.565704+00:00,app[web.1]:,AB_TESTING:,A,1604020223239.00,1604020258536.00,mp2,btlwqik,,,
2020-10-30T01:10:58.737409+00:00,app[web.1]:,AB_TESTING:,A,1604020223239.00,1604020258710.00,mp2,btlwqik,,,
2020-10-30T01:10:58.890789+00:00,app[web.1]:,AB_TESTING:,A,1604020223239.00,1604020258869.00,mp2,btlwqik,,,
2020-10-30T01:10:59.042817+00:00,app[web.1]:,AB_TESTING:,A,1604020223239.00,1604020259021.00,mp2,btlwqik,,,
2020-10-30T01:10:59.206683+00:00,app[web.1]:,AB_TESTING:,A,1604020223239.00,1604020259183.00,mp2,btlwqik,,,
2020-10-30T01:10:59.365690+00:00,app[web.1]:,AB_TESTING:,A,1604020223239.00,1604020259334.00,mp2,btlwqik,,,
2020-10-30T01:10:59.524363+00:00,app[web.1]:,AB_TESTING:,A,1604020223239.00,1604020259499.00,mp2,btlwqik,,,
2020-10-30T01:10:59.643423+00:00,app[web.1]:,AB_TESTING:,A,1604020223239.00,1604020259620.00,mp2,btlwqik,,,
2020-10-30T01:10:59.823904+00:00,app[web.1]:,AB_TESTING:,A,1604020223239.00,1604020259798.00,mp2,btlwqik,,,
2020-10-30T01:10:59.977418+00:00,app[web.1]:,AB_TESTING:,A,1604020223239.00,1604020259953.00,mp2,btlwqik,,,
2020-10-30T01:11:00.470491+00:00,app[web.1]:,AB_TESTING:,A,1604020223239.00,1604020260443.00,mp2,btlwqik,,,
2020-10-30T01:11:00.600135+00:00,app[web.1]:,AB_TESTING:,A,1604020223239.00,1604020260578.00,mp2,btlwqik,,,
2020-10-30T01:11:00.942595+00:00,app[web.1]:,AB_TESTING:,A,1604020223239.00,1604020260915.00,mp2,btlwqik,,,
2020-10-30T01:11:01.123548+00:00,app[web.1]:,AB_TESTING:,A,1604020223239.00,1604020261097.00,mp2,btlwqik,,,
2020-10-30T01:11:01.299929+00:00,app[web.1]:,AB_TESTING:,A,1604020223239.00,1604020261273.00,mp2,btlwqik,,,
2020-10-30T01:11:01.478983+00:00,app[web.1]:,AB_TESTING:,A,1604020223239.00,1604020261453.00,mp2,btlwqik,,,
2020-10-30T01:11:01.644396+00:00,app[web.1]:,AB_TESTING:,A,1604020223239.00,1604020261618.00,mp2,btlwqik,,,
2020-10-30T01:11:01.940689+00:00,app[web.1]:,AB_TESTING:,A,1604020223239.00,1604020261914.00,mp2,btlwqik,,,
2020-10-30T01:11:02.072646+00:00,app[web.1]:,AB_TESTING:,A,1604020223239.00,1604020262046.00,mp2,btlwqik,,,
2020-10-30T01:11:02.662052+00:00,app[web.1]:,AB_TESTING:,A,1604020223239.00,1604020262634.00,mp3,btlwqik,,,
2020-10-30T01:11:02.839106+00:00,app[web.1]:,AB_TESTING:,A,1604020223239.00,1604020262814.00,mp3,btlwqik,,,
2020-10-30T01:11:02.992923+00:00,app[web.1]:,AB_TESTING:,A,1604020223239.00,1604020262966.00,mp3,btlwqik,,,
2020-10-30T01:11:03.161378+00:00,app[web.1]:,AB_TESTING:,A,1604020223239.00,1604020263133.00,mp3,btlwqik,,,
2020-10-30T01:11:03.331615+00:00,app[web.1]:,AB_TESTING:,A,1604020223239.00,1604020263307.00,mp3,btlwqik,,,
2020-10-30T01:11:03.481307+00:00,app[web.1]:,AB_TESTING:,A,1604020223239.00,1604020263457.00,mp3,btlwqik,,,
2020-10-30T01:11:03.651010+00:00,app[web.1]:,AB_TESTING:,A,1604020223239.00,1604020263624.00,mp3,btlwqik,,,
2020-10-30T01:11:03.815769+00:00,app[web.1]:,AB_TESTING:,A,1604020223239.00,1604020263789.00,mp3,btlwqik,,,
2020-10-30T01:11:03.968636+00:00,app[web.1]:,AB_TESTING:,A,1604020223239.00,1604020263943.00,mp3,btlwqik,,,
2020-10-30T01:11:04.129496+00:00,app[web.1]:,AB_TESTING:,A,1604020223239.00,1604020264101.00,mp3,btlwqik,,,
2020-10-30T01:11:04.285674+00:00,app[web.1]:,AB_TESTING:,A,1604020223239.00,1604020264259.00,mp3,btlwqik,,,
2020-10-30T01:11:04.427298+00:00,app[web.1]:,AB_TESTING:,A,1604020223239.00,1604020264399.00,mp3,btlwqik,,,
2020-10-30T01:11:04.589265+00:00,app[web.1]:,AB_TESTING:,A,1604020223239.00,1604020264565.00,mp3,btlwqik,,,
2020-10-30T01:11:04.754866+00:00,app[web.1]:,AB_TESTING:,A,1604020223239.00,1604020264730.00,mp3,btlwqik,,,
2020-10-30T01:11:04.907192+00:00,app[web.1]:,AB_TESTING:,A,1604020223239.00,1604020264882.00,mp3,btlwqik,,,
2020-10-30T01:11:05.055593+00:00,app[web.1]:,AB_TESTING:,A,1604020223239.00,1604020265032.00,mp3,btlwqik,,,
2020-10-30T01:11:05.146762+00:00,app[web.1]:,AB_TESTING:,A,1604020223239.00,1604020265124.00,mp3,btlwqik,,,
2020-10-30T01:11:06.639606+00:00,app[web.1]:,AB_TESTING:,A,1604020223239.00,1604020266610.00,mp3,btlwqik,,,
2020-10-30T01:11:06.814885+00:00,app[web.1]:,AB_TESTING:,A,1604020223239.00,1604020266787.00,mp3,btlwqik,,,
2020-10-30T01:11:06.996300+00:00,app[web.1]:,AB_TESTING:,A,1604020223239.00,1604020266973.00,mp3,btlwqik,,,
2020-10-30T01:11:07.167034+00:00,app[web.1]:,AB_TESTING:,A,1604020223239.00,1604020267141.00,mp3,btlwqik,,,
2020-10-30T01:11:07.342337+00:00,app[web.1]:,AB_TESTING:,A,1604020223239.00,1604020267311.00,mp3,btlwqik,,,
2020-10-30T01:11:07.507486+00:00,app[web.1]:,AB_TESTING:,A,1604020223239.00,1604020267477.00,mp3,btlwqik,,,
2020-10-30T01:11:07.666455+00:00,app[web.1]:,AB_TESTING:,A,1604020223239.00,1604020267630.00,mp3,btlwqik,,,
2020-10-30T01:11:08.384938+00:00,app[web.1]:,AB_TESTING:,A,1604020223239.00,1604020268357.00,mp4,btlwqik,,,
2020-10-30T01:11:08.546433+00:00,app[web.1]:,AB_TESTING:,A,1604020223239.00,1604020268520.00,mp4,btlwqik,,,
2020-10-30T01:11:08.716107+00:00,app[web.1]:,AB_TESTING:,A,1604020223239.00,1604020268687.00,mp4,btlwqik,,,
2020-10-30T01:11:08.879846+00:00,app[web.1]:,AB_TESTING:,A,1604020223239.00,1604020268851.00,mp4,btlwqik,,,
2020-10-30T01:11:09.028292+00:00,app[web.1]:,AB_TESTING:,A,1604020223239.00,1604020269008.00,mp4,btlwqik,,,
2020-10-30T01:11:09.186861+00:00,app[web.1]:,AB_TESTING:,A,1604020223239.00,1604020269164.00,mp4,btlwqik,,,
2020-10-30T01:11:09.345359+00:00,app[web.1]:,AB_TESTING:,A,1604020223239.00,1604020269321.00,mp4,btlwqik,,,
2020-10-30T01:11:09.490940+00:00,app[web.1]:,AB_TESTING:,A,1604020223239.00,1604020269469.00,mp4,btlwqik,,,
2020-10-30T01:11:09.900160+00:00,app[web.1]:,AB_TESTING:,A,1604020223239.00,1604020269874.00,mp4,btlwqik,,,
2020-10-30T01:11:13.247042+00:00,app[web.1]:,AB_TESTING:,B,1604020273216.00,0.00,0.00,zaquojo,,,
2020-10-30T01:11:16.819068+00:00,app[web.1]:,AB_TESTING:,B,1604020273216.00,1604020276785.00,mp4,zaquojo,,,
2020-10-30T01:11:19.212688+00:00,app[web.1]:,AB_TESTING:,B,1604020273216.00,1604020279176.00,mp3,zaquojo,,,
2020-10-30T01:11:22.506778+00:00,app[web.1]:,AB_TESTING:,B,1604020273216.00,1604020282469.00,mp2,zaquojo,,,
2020-10-30T01:11:31.625097+00:00,app[web.1]:,AB_TESTING:,B,1604020273216.00,1604020291590.00,mp4,zaquojo,,,
2020-10-30T01:11:34.661800+00:00,app[web.1]:,AB_TESTING:,C,1604020294636.00,0.00,0.00,zaquojo,,,
2020-10-30T01:17:06.310055+00:00,app[web.1]:,AB_TESTING:,A,1604020626272.00,0.00,0.00,pqpnr,,,
2020-10-30T01:25:39.463808+00:00,app[web.1]:,AB_TESTING:,A,1604021139436.00,0.00,0.00,vvnmpsd,,,
2020-10-30T01:25:56.156421+00:00,app[web.1]:,AB_TESTING:,A,1604021139436.00,1604021156138.00,mp1,vvnmpsd,,,
2020-10-30T01:25:56.920886+00:00,app[web.1]:,AB_TESTING:,A,1604021139436.00,1604021156907.00,mp1,vvnmpsd,,,
2020-10-30T01:25:57.394542+00:00,app[web.1]:,AB_TESTING:,A,1604021139436.00,1604021157379.00,mp1,vvnmpsd,,,
2020-10-30T01:26:00.015020+00:00,app[web.1]:,AB_TESTING:,A,1604021139436.00,1604021160000.00,mp3,vvnmpsd,,,
2020-10-30T01:26:00.207893+00:00,app[web.1]:,AB_TESTING:,A,1604021139436.00,1604021160193.00,mp3,vvnmpsd,,,
2020-10-30T01:26:00.522100+00:00,app[web.1]:,AB_TESTING:,A,1604021139436.00,1604021160506.00,mp3,vvnmpsd,,,
2020-10-30T01:26:00.774638+00:00,app[web.1]:,AB_TESTING:,A,1604021139436.00,1604021160755.00,mp3,vvnmpsd,,,
2020-10-30T01:26:05.590759+00:00,app[web.1]:,AB_TESTING:,A,1604021139436.00,1604021165576.00,mp4,vvnmpsd,,,
2020-10-30T01:26:06.338905+00:00,app[web.1]:,AB_TESTING:,A,1604021139436.00,1604021166325.00,mp4,vvnmpsd,,,
2020-10-30T01:26:07.595686+00:00,app[web.1]:,AB_TESTING:,C,1604021167578.00,0.00,0.00,vvnmpsd,,,
2020-10-30T01:26:13.155194+00:00,app[web.1]:,AB_TESTING:,C,1604021173138.00,0.00,0.00,vvnmpsd,,,
2020-10-30T01:26:13.658984+00:00,app[web.1]:,AB_TESTING:,A,1604021173642.00,0.00,0.00,vvnmpsd,,,
2020-10-30T01:26:15.337432+00:00,app[web.1]:,AB_TESTING:,A,1604021173642.00,1604021175318.00,mp1,vvnmpsd,,,
2020-10-30T01:26:15.822970+00:00,app[web.1]:,AB_TESTING:,A,1604021173642.00,1604021175808.00,mp1,vvnmpsd,,,
2020-10-30T01:26:16.680039+00:00,app[web.1]:,AB_TESTING:,A,1604021173642.00,1604021176667.00,mp1,vvnmpsd,,,
2020-10-30T01:26:18.341423+00:00,app[web.1]:,AB_TESTING:,A,1604021173642.00,1604021178323.00,mp3,vvnmpsd,,,
2020-10-30T01:26:18.523669+00:00,app[web.1]:,AB_TESTING:,A,1604021173642.00,1604021178507.00,mp3,vvnmpsd,,,
2020-10-30T01:26:18.691637+00:00,app[web.1]:,AB_TESTING:,A,1604021173642.00,1604021178676.00,mp3,vvnmpsd,,,
2020-10-30T01:26:18.989890+00:00,app[web.1]:,AB_TESTING:,A,1604021173642.00,1604021178974.00,mp3,vvnmpsd,,,
2020-10-30T01:26:20.421363+00:00,app[web.1]:,AB_TESTING:,A,1604021173642.00,1604021180404.00,mp4,vvnmpsd,,,
2020-10-30T01:26:21.709814+00:00,app[web.1]:,AB_TESTING:,C,1604021181692.00,0.00,0.00,vvnmpsd,,,
2020-10-30T01:26:38.955134+00:00,app[web.1]:,AB_TESTING:,B,1604021198918.00,0.00,0.00,vvnmpsd,,,
2020-10-30T01:26:39.859569+00:00,app[web.1]:,AB_TESTING:,B,1604021198918.00,1604021199840.00,mp1,vvnmpsd,,,
2020-10-30T01:26:40.021673+00:00,app[web.1]:,AB_TESTING:,B,1604021198918.00,1604021200005.00,mp1,vvnmpsd,,,
2020-10-30T01:26:40.165490+00:00,app[web.1]:,AB_TESTING:,B,1604021198918.00,1604021200150.00,mp1,vvnmpsd,,,
2020-10-30T01:26:40.312740+00:00,app[web.1]:,AB_TESTING:,B,1604021198918.00,1604021200287.00,mp1,vvnmpsd,,,
2020-10-30T01:26:41.407175+00:00,app[web.1]:,AB_TESTING:,B,1604021198918.00,1604021201388.00,mp3,vvnmpsd,,,
2020-10-30T01:26:41.757225+00:00,app[web.1]:,AB_TESTING:,B,1604021198918.00,1604021201741.00,mp3,vvnmpsd,,,
2020-10-30T01:26:42.732427+00:00,app[web.1]:,AB_TESTING:,B,1604021198918.00,1604021202714.00,mp3,vvnmpsd,,,
2020-10-30T01:26:42.892792+00:00,app[web.1]:,AB_TESTING:,B,1604021198918.00,1604021202875.00,mp3,vvnmpsd,,,
2020-10-30T01:26:44.077957+00:00,app[web.1]:,AB_TESTING:,B,1604021198918.00,1604021204064.00,mp2,vvnmpsd,,,
2020-10-30T01:50:36.487654+00:00,app[web.1]:,AB_TESTING:,B,1604022636402.00,0.00,0.00,bzjihdoya,,,
2020-10-30T01:50:45.432511+00:00,app[web.1]:,AB_TESTING:,B,1604022636402.00,1604022645347.00,mp2,bzjihdoya,,,
2020-10-30T01:50:46.000271+00:00,app[web.1]:,AB_TESTING:,B,1604022636402.00,1604022645867.00,mp2,bzjihdoya,,,
2020-10-30T01:50:46.149591+00:00,app[web.1]:,AB_TESTING:,B,1604022636402.00,1604022646067.00,mp2,bzjihdoya,,,
2020-10-30T01:50:46.331751+00:00,app[web.1]:,AB_TESTING:,B,1604022636402.00,1604022646252.00,mp2,bzjihdoya,,,
2020-10-30T01:50:46.514684+00:00,app[web.1]:,AB_TESTING:,B,1604022636402.00,1604022646436.00,mp2,bzjihdoya,,,
2020-10-30T01:50:46.714782+00:00,app[web.1]:,AB_TESTING:,B,1604022636402.00,1604022646621.00,mp2,bzjihdoya,,,
2020-10-30T01:50:46.898963+00:00,app[web.1]:,AB_TESTING:,B,1604022636402.00,1604022646805.00,mp2,bzjihdoya,,,
2020-10-30T01:50:47.077472+00:00,app[web.1]:,AB_TESTING:,B,1604022636402.00,1604022646988.00,mp2,bzjihdoya,,,
2020-10-30T01:50:47.249612+00:00,app[web.1]:,AB_TESTING:,B,1604022636402.00,1604022647149.00,mp2,bzjihdoya,,,
2020-10-30T01:50:47.378604+00:00,app[web.1]:,AB_TESTING:,B,1604022636402.00,1604022647301.00,mp2,bzjihdoya,,,
2020-10-30T01:50:47.565641+00:00,app[web.1]:,AB_TESTING:,B,1604022636402.00,1604022647476.00,mp2,bzjihdoya,,,
2020-10-30T01:50:47.715274+00:00,app[web.1]:,AB_TESTING:,B,1604022636402.00,1604022647629.00,mp2,bzjihdoya,,,
2020-10-30T01:50:47.902553+00:00,app[web.1]:,AB_TESTING:,B,1604022636402.00,1604022647814.00,mp2,bzjihdoya,,,
2020-10-30T01:50:48.065794+00:00,app[web.1]:,AB_TESTING:,B,1604022636402.00,1604022647975.00,mp2,bzjihdoya,,,
2020-10-30T01:50:56.552695+00:00,app[web.1]:,AB_TESTING:,B,1604022636402.00,1604022656467.00,mp3,bzjihdoya,,,
2020-10-30T01:50:56.755922+00:00,app[web.1]:,AB_TESTING:,B,1604022636402.00,1604022656668.00,mp3,bzjihdoya,,,
2020-10-30T01:50:56.931218+00:00,app[web.1]:,AB_TESTING:,B,1604022636402.00,1604022656852.00,mp3,bzjihdoya,,,
2020-10-30T01:50:57.139251+00:00,app[web.1]:,AB_TESTING:,B,1604022636402.00,1604022657060.00,mp3,bzjihdoya,,,
2020-10-30T01:50:57.350846+00:00,app[web.1]:,AB_TESTING:,B,1604022636402.00,1604022657269.00,mp3,bzjihdoya,,,
2020-10-30T01:50:58.377975+00:00,app[web.1]:,AB_TESTING:,B,1604022636402.00,1604022658302.00,mp4,bzjihdoya,,,
2020-10-30T01:50:58.635229+00:00,app[web.1]:,AB_TESTING:,B,1604022636402.00,1604022658518.00,mp4,bzjihdoya,,,
2020-10-30T01:50:58.838570+00:00,app[web.1]:,AB_TESTING:,B,1604022636402.00,1604022658759.00,mp4,bzjihdoya,,,
2020-10-30T01:51:04.559962+00:00,app[web.1]:,AB_TESTING:,C,1604022664479.00,0.00,0.00,bzjihdoya,,,
2020-10-30T01:51:17.936048+00:00,app[web.1]:,AB_TESTING:,A,1604022677834.00,0.00,0.00,bzjihdoya,,,
2020-10-30T01:51:27.285578+00:00,app[web.1]:,AB_TESTING:,A,1604022677834.00,1604022687079.00,mp1,bzjihdoya,,,
2020-10-30T01:51:27.490604+00:00,app[web.1]:,AB_TESTING:,A,1604022677834.00,1604022687415.00,mp1,bzjihdoya,,,
2020-10-30T01:51:27.797850+00:00,app[web.1]:,AB_TESTING:,A,1604022677834.00,1604022687719.00,mp1,bzjihdoya,,,
2020-10-30T01:51:28.123327+00:00,app[web.1]:,AB_TESTING:,A,1604022677834.00,1604022688048.00,mp1,bzjihdoya,,,
2020-10-30T01:51:28.452198+00:00,app[web.1]:,AB_TESTING:,A,1604022677834.00,1604022688369.00,mp1,bzjihdoya,,,
2020-10-30T01:51:28.794170+00:00,app[web.1]:,AB_TESTING:,A,1604022677834.00,1604022688713.00,mp1,bzjihdoya,,,
2020-10-30T01:51:29.144958+00:00,app[web.1]:,AB_TESTING:,A,1604022677834.00,1604022689064.00,mp1,bzjihdoya,,,
2020-10-30T01:51:29.474037+00:00,app[web.1]:,AB_TESTING:,A,1604022677834.00,1604022689383.00,mp1,bzjihdoya,,,
2020-10-30T01:51:29.815635+00:00,app[web.1]:,AB_TESTING:,A,1604022677834.00,1604022689735.00,mp1,bzjihdoya,,,
2020-10-30T01:51:30.363557+00:00,app[web.1]:,AB_TESTING:,A,1604022677834.00,1604022690118.00,mp1,bzjihdoya,,,
2020-10-30T01:51:30.655289+00:00,app[web.1]:,AB_TESTING:,A,1604022677834.00,1604022690566.00,mp1,bzjihdoya,,,
2020-10-30T01:51:31.057023+00:00,app[web.1]:,AB_TESTING:,A,1604022677834.00,1604022690980.00,mp1,bzjihdoya,,,
2020-10-30T01:51:31.627388+00:00,app[web.1]:,AB_TESTING:,A,1604022677834.00,1604022691524.00,mp1,bzjihdoya,,,
2020-10-30T01:51:31.990536+00:00,app[web.1]:,AB_TESTING:,A,1604022677834.00,1604022691906.00,mp1,bzjihdoya,,,
2020-10-30T01:51:32.409622+00:00,app[web.1]:,AB_TESTING:,A,1604022677834.00,1604022692322.00,mp1,bzjihdoya,,,
2020-10-30T01:51:35.434013+00:00,app[web.1]:,AB_TESTING:,C,1604022695351.00,0.00,0.00,bzjihdoya,,,
2020-10-30T02:53:30.425157+00:00,app[web.1]:,AB_TESTING:,A,1604026408176.00,1604026410392.00,mp2,ddkwazv,,,
2020-10-30T02:53:30.585085+00:00,app[web.1]:,AB_TESTING:,A,1604026408176.00,1604026410557.00,mp2,ddkwazv,,,
2020-10-30T02:53:30.739566+00:00,app[web.1]:,AB_TESTING:,A,1604026408176.00,1604026410715.00,mp2,ddkwazv,,,
2020-10-30T02:53:31.315528+00:00,app[web.1]:,AB_TESTING:,A,1604026408176.00,1604026411284.00,mp3,ddkwazv,,,
2020-10-30T02:53:31.458789+00:00,app[web.1]:,AB_TESTING:,A,1604026408176.00,1604026411431.00,mp3,ddkwazv,,,
2020-10-30T02:53:31.613948+00:00,app[web.1]:,AB_TESTING:,A,1604026408176.00,1604026411589.00,mp3,ddkwazv,,,
2020-10-30T02:53:32.573431+00:00,app[web.1]:,AB_TESTING:,A,1604026408176.00,1604026412540.00,mp4,ddkwazv,,,
2020-10-30T02:53:32.740538+00:00,app[web.1]:,AB_TESTING:,A,1604026408176.00,1604026412713.00,mp4,ddkwazv,,,
2020-10-30T02:53:32.935606+00:00,app[web.1]:,AB_TESTING:,A,1604026408176.00,1604026412909.00,mp4,ddkwazv,,,
2020-10-30T02:53:33.111585+00:00,app[web.1]:,AB_TESTING:,A,1604026408176.00,1604026413083.00,mp4,ddkwazv,,,
2020-10-30T02:53:33.293290+00:00,app[web.1]:,AB_TESTING:,A,1604026408176.00,1604026413266.00,mp4,ddkwazv,,,
2020-10-30T02:53:34.093613+00:00,app[web.1]:,AB_TESTING:,C,1604026414066.00,0.00,0.00,ddkwazv,,,
2020-10-30T02:53:38.776317+00:00,app[web.1]:,AB_TESTING:,A,1604026418747.00,0.00,0.00,raxwcwaci,,,
2020-10-30T02:53:40.128771+00:00,app[web.1]:,AB_TESTING:,A,1604026418747.00,1604026420093.00,mp1,raxwcwaci,,,
2020-10-30T02:53:40.294224+00:00,app[web.1]:,AB_TESTING:,A,1604026418747.00,1604026420259.00,mp1,raxwcwaci,,,
2020-10-30T02:53:40.429632+00:00,app[web.1]:,AB_TESTING:,A,1604026418747.00,1604026420400.00,mp1,raxwcwaci,,,
2020-10-30T02:53:41.085706+00:00,app[web.1]:,AB_TESTING:,A,1604026418747.00,1604026421046.00,mp2,raxwcwaci,,,
2020-10-30T02:53:41.246797+00:00,app[web.1]:,AB_TESTING:,A,1604026418747.00,1604026421220.00,mp2,raxwcwaci,,,
2020-10-30T02:53:41.412208+00:00,app[web.1]:,AB_TESTING:,A,1604026418747.00,1604026421383.00,mp2,raxwcwaci,,,
2020-10-30T02:53:42.028522+00:00,app[web.1]:,AB_TESTING:,A,1604026418747.00,1604026421999.00,mp3,raxwcwaci,,,
2020-10-30T02:53:42.345123+00:00,app[web.1]:,AB_TESTING:,A,1604026418747.00,1604026422313.00,mp3,raxwcwaci,,,
2020-10-30T02:53:43.204406+00:00,app[web.1]:,AB_TESTING:,A,1604026418747.00,1604026423172.00,mp4,raxwcwaci,,,
2020-10-30T02:53:43.372954+00:00,app[web.1]:,AB_TESTING:,A,1604026418747.00,1604026423344.00,mp4,raxwcwaci,,,
2020-10-30T02:53:43.554858+00:00,app[web.1]:,AB_TESTING:,A,1604026418747.00,1604026423527.00,mp4,raxwcwaci,,,
2020-10-30T02:53:43.718482+00:00,app[web.1]:,AB_TESTING:,A,1604026418747.00,1604026423691.00,mp4,raxwcwaci,,,
2020-10-30T02:53:43.917785+00:00,app[web.1]:,AB_TESTING:,A,1604026418747.00,1604026423890.00,mp4,raxwcwaci,,,
2020-10-30T02:53:46.912779+00:00,app[web.1]:,AB_TESTING:,A,1604026426883.00,0.00,0.00,yfovfjmyo,,,
2020-10-30T02:53:51.236726+00:00,app[web.1]:,AB_TESTING:,A,1604026426883.00,1604026431206.00,mp1,yfovfjmyo,,,
2020-10-30T02:53:51.396587+00:00,app[web.1]:,AB_TESTING:,A,1604026426883.00,1604026431371.00,mp1,yfovfjmyo,,,
2020-10-30T02:53:51.540253+00:00,app[web.1]:,AB_TESTING:,A,1604026426883.00,1604026431513.00,mp1,yfovfjmyo,,,
2020-10-30T02:53:52.387397+00:00,app[web.1]:,AB_TESTING:,A,1604026426883.00,1604026432364.00,mp2,yfovfjmyo,,,
2020-10-30T02:53:52.562173+00:00,app[web.1]:,AB_TESTING:,A,1604026426883.00,1604026432537.00,mp2,yfovfjmyo,,,
2020-10-30T02:53:52.712110+00:00,app[web.1]:,AB_TESTING:,A,1604026426883.00,1604026432686.00,mp2,yfovfjmyo,,,
2020-10-30T02:53:52.861221+00:00,app[web.1]:,AB_TESTING:,A,1604026426883.00,1604026432834.00,mp2,yfovfjmyo,,,
2020-10-30T02:53:53.631862+00:00,app[web.1]:,AB_TESTING:,A,1604026426883.00,1604026433601.00,mp3,yfovfjmyo,,,
2020-10-30T02:53:53.785629+00:00,app[web.1]:,AB_TESTING:,A,1604026426883.00,1604026433756.00,mp3,yfovfjmyo,,,
2020-10-30T02:53:53.935200+00:00,app[web.1]:,AB_TESTING:,A,1604026426883.00,1604026433909.00,mp3,yfovfjmyo,,,
2020-10-30T02:53:55.034697+00:00,app[web.1]:,AB_TESTING:,A,1604026426883.00,1604026435001.00,mp4,yfovfjmyo,,,
2020-10-30T02:53:55.211696+00:00,app[web.1]:,AB_TESTING:,A,1604026426883.00,1604026435174.00,mp4,yfovfjmyo,,,
2020-10-30T02:53:55.357748+00:00,app[web.1]:,AB_TESTING:,A,1604026426883.00,1604026435333.00,mp4,yfovfjmyo,,,
2020-10-30T02:53:55.524414+00:00,app[web.1]:,AB_TESTING:,A,1604026426883.00,1604026435499.00,mp4,yfovfjmyo,,,
2020-10-30T02:54:14.306526+00:00,app[web.1]:,AB_TESTING:,B,1604025345070.00,1604026454175.00,mp1,pqpnr,,,
2020-10-30T02:54:14.359886+00:00,app[web.1]:,AB_TESTING:,B,1604025345070.00,1604026454334.00,mp1,pqpnr,,,
2020-10-30T02:54:14.545365+00:00,app[web.1]:,AB_TESTING:,B,1604025345070.00,1604026454515.00,mp1,pqpnr,,,
2020-10-30T02:54:15.222114+00:00,app[web.1]:,AB_TESTING:,B,1604025345070.00,1604026455194.00,mp2,pqpnr,,,
2020-10-30T02:54:15.409898+00:00,app[web.1]:,AB_TESTING:,B,1604025345070.00,1604026455383.00,mp2,pqpnr,,,
2020-10-30T02:54:15.607588+00:00,app[web.1]:,AB_TESTING:,B,1604025345070.00,1604026455579.00,mp2,pqpnr,,,
2020-10-30T02:54:16.414015+00:00,app[web.1]:,AB_TESTING:,B,1604025345070.00,1604026456381.00,mp3,pqpnr,,,
2020-10-30T02:54:16.588844+00:00,app[web.1]:,AB_TESTING:,B,1604025345070.00,1604026456562.00,mp3,pqpnr,,,
2020-10-30T02:54:16.748968+00:00,app[web.1]:,AB_TESTING:,B,1604025345070.00,1604026456721.00,mp3,pqpnr,,,
2020-10-30T02:54:17.657128+00:00,app[web.1]:,AB_TESTING:,B,1604025345070.00,1604026457628.00,mp4,pqpnr,,,
2020-10-30T02:54:17.827628+00:00,app[web.1]:,AB_TESTING:,B,1604025345070.00,1604026457799.00,mp4,pqpnr,,,
2020-10-30T02:54:18.000115+00:00,app[web.1]:,AB_TESTING:,B,1604025345070.00,1604026457974.00,mp4,pqpnr,,,
2020-10-30T02:54:19.308569+00:00,app[web.1]:,AB_TESTING:,C,1604026459277.00,0.00,0.00,pqpnr,,,
2020-10-30T02:54:27.005299+00:00,app[web.1]:,AB_TESTING:,A,1604026466978.00,0.00,0.00,sgfekcqyr,,,
2020-10-30T02:54:28.215615+00:00,app[web.1]:,AB_TESTING:,A,1604026466978.00,1604026468188.00,mp1,sgfekcqyr,,,
2020-10-30T02:54:28.394963+00:00,app[web.1]:,AB_TESTING:,A,1604026466978.00,1604026468368.00,mp1,sgfekcqyr,,,
2020-10-30T02:54:28.545140+00:00,app[web.1]:,AB_TESTING:,A,1604026466978.00,1604026468519.00,mp1,sgfekcqyr,,,
2020-10-30T02:54:29.119058+00:00,app[web.1]:,AB_TESTING:,A,1604026466978.00,1604026469086.00,mp2,sgfekcqyr,,,
2020-10-30T02:54:29.269063+00:00,app[web.1]:,AB_TESTING:,A,1604026466978.00,1604026469242.00,mp2,sgfekcqyr,,,
2020-10-30T02:54:29.435330+00:00,app[web.1]:,AB_TESTING:,A,1604026466978.00,1604026469409.00,mp2,sgfekcqyr,,,
2020-10-30T02:54:30.257427+00:00,app[web.1]:,AB_TESTING:,A,1604026466978.00,1604026470229.00,mp3,sgfekcqyr,,,
2020-10-30T02:54:30.443154+00:00,app[web.1]:,AB_TESTING:,A,1604026466978.00,1604026470416.00,mp3,sgfekcqyr,,,
2020-10-30T02:54:30.607674+00:00,app[web.1]:,AB_TESTING:,A,1604026466978.00,1604026470581.00,mp3,sgfekcqyr,,,
2020-10-30T02:54:31.165826+00:00,app[web.1]:,AB_TESTING:,A,1604026466978.00,1604026471132.00,mp4,sgfekcqyr,,,
2020-10-30T02:54:31.344868+00:00,app[web.1]:,AB_TESTING:,A,1604026466978.00,1604026471315.00,mp4,sgfekcqyr,,,
2020-10-30T02:54:31.522585+00:00,app[web.1]:,AB_TESTING:,A,1604026466978.00,1604026471496.00,mp4,sgfekcqyr,,,
2020-10-30T02:54:35.025225+00:00,app[web.1]:,AB_TESTING:,A,1604026474995.00,0.00,0.00,luopchayfr,,,
2020-10-30T02:54:36.126419+00:00,app[web.1]:,AB_TESTING:,A,1604026474995.00,1604026476093.00,mp1,luopchayfr,,,
2020-10-30T02:54:36.278847+00:00,app[web.1]:,AB_TESTING:,A,1604026474995.00,1604026476251.00,mp1,luopchayfr,,,
2020-10-30T02:54:36.396882+00:00,app[web.1]:,AB_TESTING:,A,1604026474995.00,1604026476369.00,mp1,luopchayfr,,,
2020-10-30T02:54:37.188064+00:00,app[web.1]:,AB_TESTING:,A,1604026474995.00,1604026477158.00,mp2,luopchayfr,,,
2020-10-30T02:54:37.338889+00:00,app[web.1]:,AB_TESTING:,A,1604026474995.00,1604026477307.00,mp2,luopchayfr,,,
2020-10-30T02:54:37.476504+00:00,app[web.1]:,AB_TESTING:,A,1604026474995.00,1604026477449.00,mp2,luopchayfr,,,
2020-10-30T02:54:38.400089+00:00,app[web.1]:,AB_TESTING:,A,1604026474995.00,1604026478368.00,mp3,luopchayfr,,,
2020-10-30T02:54:38.570371+00:00,app[web.1]:,AB_TESTING:,A,1604026474995.00,1604026478541.00,mp3,luopchayfr,,,
2020-10-30T02:54:39.100789+00:00,app[web.1]:,AB_TESTING:,A,1604026474995.00,1604026479069.00,mp3,luopchayfr,,,
2020-10-30T02:54:39.400360+00:00,app[web.1]:,AB_TESTING:,A,1604026474995.00,1604026479370.00,mp3,luopchayfr,,,
2020-10-30T02:54:40.443235+00:00,app[web.1]:,AB_TESTING:,A,1604026474995.00,1604026480416.00,mp4,luopchayfr,,,
2020-10-30T02:54:40.627228+00:00,app[web.1]:,AB_TESTING:,A,1604026474995.00,1604026480598.00,mp4,luopchayfr,,,
2020-10-30T02:54:40.804633+00:00,app[web.1]:,AB_TESTING:,A,1604026474995.00,1604026480778.00,mp4,luopchayfr,,,
2020-10-30T02:54:41.329157+00:00,app[web.1]:,AB_TESTING:,A,1604026474995.00,1604026481290.00,mp4,luopchayfr,,,
2020-10-30T02:54:41.635679+00:00,app[web.1]:,AB_TESTING:,A,1604026474995.00,1604026481603.00,mp4,luopchayfr,,,
2020-10-30T02:54:42.248969+00:00,app[web.1]:,AB_TESTING:,A,1604026474995.00,1604026482220.00,mp4,luopchayfr,,,
2020-10-30T02:54:42.433660+00:00,app[web.1]:,AB_TESTING:,A,1604026474995.00,1604026482407.00,mp4,luopchayfr,,,
2020-10-30T02:54:42.608671+00:00,app[web.1]:,AB_TESTING:,A,1604026474995.00,1604026482582.00,mp4,luopchayfr,,,
2020-10-30T02:54:46.149332+00:00,app[web.1]:,AB_TESTING:,B,1604026486121.00,0.00,0.00,gygmihrs,,,
2020-10-30T02:54:47.173940+00:00,app[web.1]:,AB_TESTING:,B,1604026486121.00,1604026487141.00,mp1,gygmihrs,,,
2020-10-30T02:54:47.340067+00:00,app[web.1]:,AB_TESTING:,B,1604026486121.00,1604026487313.00,mp1,gygmihrs,,,
2020-10-30T02:54:47.506584+00:00,app[web.1]:,AB_TESTING:,B,1604026486121.00,1604026487480.00,mp1,gygmihrs,,,
2020-10-30T02:54:48.075935+00:00,app[web.1]:,AB_TESTING:,B,1604026486121.00,1604026488046.00,mp2,gygmihrs,,,
2020-10-30T02:54:48.276740+00:00,app[web.1]:,AB_TESTING:,B,1604026486121.00,1604026488250.00,mp2,gygmihrs,,,
2020-10-30T02:54:48.447948+00:00,app[web.1]:,AB_TESTING:,B,1604026486121.00,1604026488422.00,mp2,gygmihrs,,,
2020-10-30T02:54:49.250873+00:00,app[web.1]:,AB_TESTING:,B,1604026486121.00,1604026489225.00,mp3,gygmihrs,,,
2020-10-30T02:54:49.417670+00:00,app[web.1]:,AB_TESTING:,B,1604026486121.00,1604026489391.00,mp3,gygmihrs,,,
2020-10-30T02:54:49.566752+00:00,app[web.1]:,AB_TESTING:,B,1604026486121.00,1604026489541.00,mp3,gygmihrs,,,
2020-10-30T02:54:50.264179+00:00,app[web.1]:,AB_TESTING:,B,1604026486121.00,1604026490225.00,mp4,gygmihrs,,,
2020-10-30T02:54:50.415741+00:00,app[web.1]:,AB_TESTING:,B,1604026486121.00,1604026490390.00,mp4,gygmihrs,,,
2020-10-30T02:54:51.099671+00:00,app[web.1]:,AB_TESTING:,B,1604026486121.00,1604026491069.00,mp4,gygmihrs,,,
2020-10-30T02:54:54.956414+00:00,app[web.1]:,AB_TESTING:,B,1604026494929.00,0.00,0.00,thny,,,
2020-10-30T02:54:56.179317+00:00,app[web.1]:,AB_TESTING:,B,1604026494929.00,1604026496144.00,mp1,thny,,,
2020-10-30T02:54:56.350222+00:00,app[web.1]:,AB_TESTING:,B,1604026494929.00,1604026496324.00,mp1,thny,,,
2020-10-30T02:54:56.467288+00:00,app[web.1]:,AB_TESTING:,B,1604026494929.00,1604026496440.00,mp1,thny,,,
2020-10-30T02:54:57.144210+00:00,app[web.1]:,AB_TESTING:,B,1604026494929.00,1604026497112.00,mp2,thny,,,
2020-10-30T02:54:57.317636+00:00,app[web.1]:,AB_TESTING:,B,1604026494929.00,1604026497290.00,mp2,thny,,,
2020-10-30T02:54:58.152695+00:00,app[web.1]:,AB_TESTING:,B,1604026494929.00,1604026498126.00,mp3,thny,,,
2020-10-30T02:54:58.310298+00:00,app[web.1]:,AB_TESTING:,B,1604026494929.00,1604026498285.00,mp3,thny,,,
2020-10-30T02:54:58.469894+00:00,app[web.1]:,AB_TESTING:,B,1604026494929.00,1604026498442.00,mp3,thny,,,
2020-10-30T02:54:58.979030+00:00,app[web.1]:,AB_TESTING:,B,1604026494929.00,1604026498952.00,mp4,thny,,,
2020-10-30T02:54:59.231467+00:00,app[web.1]:,AB_TESTING:,B,1604026494929.00,1604026499198.00,mp4,thny,,,
2020-10-30T02:54:59.378159+00:00,app[web.1]:,AB_TESTING:,B,1604026494929.00,1604026499353.00,mp4,thny,,,
2020-10-30T02:54:59.555708+00:00,app[web.1]:,AB_TESTING:,B,1604026494929.00,1604026499528.00,mp4,thny,,,
2020-10-30T02:55:00.425445+00:00,app[web.1]:,AB_TESTING:,C,1604026500398.00,0.00,0.00,thny,,,
2020-10-30T02:55:05.874306+00:00,app[web.1]:,AB_TESTING:,B,1604026505836.00,0.00,0.00,melqnmq,,,
2020-10-30T02:55:06.768467+00:00,app[web.1]:,AB_TESTING:,B,1604026505836.00,1604026506741.00,mp1,melqnmq,,,
2020-10-30T02:55:06.928985+00:00,app[web.1]:,AB_TESTING:,B,1604026505836.00,1604026506903.00,mp1,melqnmq,,,
2020-10-30T02:55:08.038402+00:00,app[web.1]:,AB_TESTING:,B,1604026505836.00,1604026508002.00,mp3,melqnmq,,,
2020-10-30T02:55:08.404716+00:00,app[web.1]:,AB_TESTING:,B,1604026505836.00,1604026508368.00,mp3,melqnmq,,,
2020-10-30T02:55:09.052238+00:00,app[web.1]:,AB_TESTING:,B,1604026505836.00,1604026509020.00,mp4,melqnmq,,,
2020-10-30T02:55:09.213180+00:00,app[web.1]:,AB_TESTING:,B,1604026505836.00,1604026509186.00,mp4,melqnmq,,,
2020-10-30T02:55:09.407707+00:00,app[web.1]:,AB_TESTING:,B,1604026505836.00,1604026509378.00,mp4,melqnmq,,,
2020-10-30T02:55:09.596395+00:00,app[web.1]:,AB_TESTING:,B,1604026505836.00,1604026509572.00,mp4,melqnmq,,,
2020-10-30T02:55:09.781356+00:00,app[web.1]:,AB_TESTING:,B,1604026505836.00,1604026509755.00,mp4,melqnmq,,,
2020-10-30T02:55:13.556010+00:00,app[web.1]:,AB_TESTING:,B,1604026513526.00,0.00,0.00,rqqcrpxds,,,
2020-10-30T02:55:14.423189+00:00,app[web.1]:,AB_TESTING:,B,1604026513526.00,1604026514384.00,mp1,rqqcrpxds,,,
2020-10-30T02:55:14.945730+00:00,app[web.1]:,AB_TESTING:,B,1604026513526.00,1604026514918.00,mp2,rqqcrpxds,,,
2020-10-30T02:55:15.843362+00:00,app[web.1]:,AB_TESTING:,B,1604026513526.00,1604026515808.00,mp3,rqqcrpxds,,,
2020-10-30T02:55:16.556313+00:00,app[web.1]:,AB_TESTING:,B,1604026513526.00,1604026516520.00,mp4,rqqcrpxds,,,
2020-10-30T02:55:16.715290+00:00,app[web.1]:,AB_TESTING:,B,1604026513526.00,1604026516689.00,mp4,rqqcrpxds,,,
2020-10-30T02:55:16.897921+00:00,app[web.1]:,AB_TESTING:,B,1604026513526.00,1604026516872.00,mp4,rqqcrpxds,,,
2020-10-30T02:55:17.117636+00:00,app[web.1]:,AB_TESTING:,B,1604026513526.00,1604026517091.00,mp4,rqqcrpxds,,,
2020-10-30T02:55:17.297485+00:00,app[web.1]:,AB_TESTING:,B,1604026513526.00,1604026517273.00,mp4,rqqcrpxds,,,
2020-10-30T02:55:20.537430+00:00,app[web.1]:,AB_TESTING:,A,1604026520504.00,0.00,0.00,aicgft,,,
2020-10-30T02:55:21.414833+00:00,app[web.1]:,AB_TESTING:,A,1604026520504.00,1604026521383.00,mp1,aicgft,,,
2020-10-30T02:55:21.555710+00:00,app[web.1]:,AB_TESTING:,A,1604026520504.00,1604026521532.00,mp1,aicgft,,,
2020-10-30T02:55:21.721187+00:00,app[web.1]:,AB_TESTING:,A,1604026520504.00,1604026521696.00,mp1,aicgft,,,
2020-10-30T02:55:22.262465+00:00,app[web.1]:,AB_TESTING:,A,1604026520504.00,1604026522231.00,mp2,aicgft,,,
2020-10-30T02:55:22.420945+00:00,app[web.1]:,AB_TESTING:,A,1604026520504.00,1604026522397.00,mp2,aicgft,,,
2020-10-30T02:55:22.555276+00:00,app[web.1]:,AB_TESTING:,A,1604026520504.00,1604026522531.00,mp2,aicgft,,,
2020-10-30T02:55:23.377229+00:00,app[web.1]:,AB_TESTING:,A,1604026520504.00,1604026523352.00,mp3,aicgft,,,
2020-10-30T02:55:23.526164+00:00,app[web.1]:,AB_TESTING:,A,1604026520504.00,1604026523501.00,mp3,aicgft,,,
2020-10-30T02:55:23.652757+00:00,app[web.1]:,AB_TESTING:,A,1604026520504.00,1604026523626.00,mp3,aicgft,,,
2020-10-30T02:55:24.392586+00:00,app[web.1]:,AB_TESTING:,A,1604026520504.00,1604026524364.00,mp4,aicgft,,,
2020-10-30T02:55:24.793695+00:00,app[web.1]:,AB_TESTING:,A,1604026520504.00,1604026524766.00,mp4,aicgft,,,
2020-10-30T02:55:25.068153+00:00,app[web.1]:,AB_TESTING:,A,1604026520504.00,1604026525042.00,mp4,aicgft,,,
2020-10-30T02:55:25.297258+00:00,app[web.1]:,AB_TESTING:,A,1604026520504.00,1604026525270.00,mp4,aicgft,,,
2020-10-30T02:55:26.215369+00:00,app[web.1]:,AB_TESTING:,A,1604026520504.00,1604026526191.00,mp2,aicgft,,,
2020-10-30T02:55:29.836804+00:00,app[web.1]:,AB_TESTING:,B,1604026529807.00,0.00,0.00,vanhawyhm,,,
2020-10-30T02:55:30.707788+00:00,app[web.1]:,AB_TESTING:,B,1604026529807.00,1604026530682.00,mp1,vanhawyhm,,,
2020-10-30T02:55:31.317296+00:00,app[web.1]:,AB_TESTING:,B,1604026529807.00,1604026531291.00,mp2,vanhawyhm,,,
2020-10-30T02:55:32.085497+00:00,app[web.1]:,AB_TESTING:,B,1604026529807.00,1604026532059.00,mp3,vanhawyhm,,,
2020-10-30T02:55:32.621115+00:00,app[web.1]:,AB_TESTING:,B,1604026529807.00,1604026532592.00,mp3,vanhawyhm,,,
2020-10-30T02:55:33.130521+00:00,app[web.1]:,AB_TESTING:,B,1604026529807.00,1604026533091.00,mp4,vanhawyhm,,,
2020-10-30T02:55:33.432400+00:00,app[web.1]:,AB_TESTING:,B,1604026529807.00,1604026533403.00,mp4,vanhawyhm,,,
2020-10-30T02:55:33.640331+00:00,app[web.1]:,AB_TESTING:,B,1604026529807.00,1604026533614.00,mp4,vanhawyhm,,,
2020-10-30T02:55:33.784535+00:00,app[web.1]:,AB_TESTING:,B,1604026529807.00,1604026533756.00,mp4,vanhawyhm,,,
2020-10-30T02:55:33.940606+00:00,app[web.1]:,AB_TESTING:,B,1604026529807.00,1604026533914.00,mp4,vanhawyhm,,,
2020-10-30T02:55:34.110113+00:00,app[web.1]:,AB_TESTING:,B,1604026529807.00,1604026534082.00,mp4,vanhawyhm,,,
2020-10-30T02:55:36.894159+00:00,app[web.1]:,AB_TESTING:,A,1604026536861.00,0.00,0.00,jlcxtt,,,
2020-10-30T02:55:37.595340+00:00,app[web.1]:,AB_TESTING:,A,1604026536861.00,1604026537570.00,mp1,jlcxtt,,,
2020-10-30T02:55:37.743407+00:00,app[web.1]:,AB_TESTING:,A,1604026536861.00,1604026537717.00,mp1,jlcxtt,,,
2020-10-30T02:55:37.893192+00:00,app[web.1]:,AB_TESTING:,A,1604026536861.00,1604026537866.00,mp1,jlcxtt,,,
2020-10-30T02:55:38.435245+00:00,app[web.1]:,AB_TESTING:,A,1604026536861.00,1604026538403.00,mp2,jlcxtt,,,
2020-10-30T02:55:38.638054+00:00,app[web.1]:,AB_TESTING:,A,1604026536861.00,1604026538613.00,mp2,jlcxtt,,,
2020-10-30T02:55:38.815686+00:00,app[web.1]:,AB_TESTING:,A,1604026536861.00,1604026538787.00,mp2,jlcxtt,,,
2020-10-30T02:55:39.495191+00:00,app[web.1]:,AB_TESTING:,A,1604026536861.00,1604026539465.00,mp3,jlcxtt,,,
2020-10-30T02:55:39.663949+00:00,app[web.1]:,AB_TESTING:,A,1604026536861.00,1604026539639.00,mp3,jlcxtt,,,
2020-10-30T02:55:39.803829+00:00,app[web.1]:,AB_TESTING:,A,1604026536861.00,1604026539771.00,mp3,jlcxtt,,,
2020-10-30T02:55:40.639824+00:00,app[web.1]:,AB_TESTING:,A,1604026536861.00,1604026540613.00,mp4,jlcxtt,,,
2020-10-30T02:55:40.806740+00:00,app[web.1]:,AB_TESTING:,A,1604026536861.00,1604026540780.00,mp4,jlcxtt,,,
2020-10-30T02:55:40.977799+00:00,app[web.1]:,AB_TESTING:,A,1604026536861.00,1604026540944.00,mp4,jlcxtt,,,
2020-10-30T02:55:47.017680+00:00,app[web.1]:,AB_TESTING:,A,1604026546990.00,0.00,0.00,ahqmktl,,,
2020-10-30T02:55:47.910340+00:00,app[web.1]:,AB_TESTING:,A,1604026546990.00,1604026547873.00,mp1,ahqmktl,,,
2020-10-30T02:55:48.098778+00:00,app[web.1]:,AB_TESTING:,A,1604026546990.00,1604026548070.00,mp1,ahqmktl,,,
2020-10-30T02:55:48.312807+00:00,app[web.1]:,AB_TESTING:,A,1604026546990.00,1604026548285.00,mp1,ahqmktl,,,
2020-10-30T02:55:48.789914+00:00,app[web.1]:,AB_TESTING:,A,1604026546990.00,1604026548764.00,mp2,ahqmktl,,,
2020-10-30T02:55:48.932637+00:00,app[web.1]:,AB_TESTING:,A,1604026546990.00,1604026548906.00,mp2,ahqmktl,,,
2020-10-30T02:55:49.104237+00:00,app[web.1]:,AB_TESTING:,A,1604026546990.00,1604026549079.00,mp2,ahqmktl,,,
2020-10-30T02:55:49.927411+00:00,app[web.1]:,AB_TESTING:,A,1604026546990.00,1604026549897.00,mp3,ahqmktl,,,
2020-10-30T02:55:50.099983+00:00,app[web.1]:,AB_TESTING:,A,1604026546990.00,1604026550071.00,mp3,ahqmktl,,,
2020-10-30T02:55:50.230813+00:00,app[web.1]:,AB_TESTING:,A,1604026546990.00,1604026550204.00,mp3,ahqmktl,,,
2020-10-30T02:55:50.992021+00:00,app[web.1]:,AB_TESTING:,A,1604026546990.00,1604026550960.00,mp4,ahqmktl,,,
2020-10-30T02:55:51.152495+00:00,app[web.1]:,AB_TESTING:,A,1604026546990.00,1604026551126.00,mp4,ahqmktl,,,
2020-10-30T02:55:51.296067+00:00,app[web.1]:,AB_TESTING:,A,1604026546990.00,1604026551267.00,mp4,ahqmktl,,,
2020-10-30T02:55:51.531597+00:00,app[web.1]:,AB_TESTING:,A,1604026546990.00,1604026551505.00,mp4,ahqmktl,,,
2020-10-30T02:55:52.703600+00:00,app[web.1]:,AB_TESTING:,C,1604026552677.00,0.00,0.00,ahqmktl,,,
2020-10-30T02:55:56.270407+00:00,app[web.1]:,AB_TESTING:,A,1604026556242.00,0.00,0.00,iyqjnqc,,,
2020-10-30T02:55:57.238371+00:00,app[web.1]:,AB_TESTING:,A,1604026556242.00,1604026557211.00,mp1,iyqjnqc,,,
2020-10-30T02:55:57.432073+00:00,app[web.1]:,AB_TESTING:,A,1604026556242.00,1604026557407.00,mp1,iyqjnqc,,,
2020-10-30T02:55:57.949416+00:00,app[web.1]:,AB_TESTING:,A,1604026556242.00,1604026557920.00,mp2,iyqjnqc,,,
2020-10-30T02:55:58.112239+00:00,app[web.1]:,AB_TESTING:,A,1604026556242.00,1604026558085.00,mp2,iyqjnqc,,,
2020-10-30T02:55:58.682768+00:00,app[web.1]:,AB_TESTING:,A,1604026556242.00,1604026558643.00,mp3,iyqjnqc,,,
2020-10-30T02:55:59.493687+00:00,app[web.1]:,AB_TESTING:,A,1604026556242.00,1604026559463.00,mp4,iyqjnqc,,,
2020-10-30T02:55:59.684504+00:00,app[web.1]:,AB_TESTING:,A,1604026556242.00,1604026559658.00,mp4,iyqjnqc,,,
2020-10-30T02:55:59.817752+00:00,app[web.1]:,AB_TESTING:,A,1604026556242.00,1604026559793.00,mp4,iyqjnqc,,,
2020-10-30T02:55:59.968712+00:00,app[web.1]:,AB_TESTING:,A,1604026556242.00,1604026559942.00,mp4,iyqjnqc,,,
2020-10-30T02:56:00.139079+00:00,app[web.1]:,AB_TESTING:,A,1604026556242.00,1604026560110.00,mp4,iyqjnqc,,,
2020-10-30T02:56:00.852195+00:00,app[web.1]:,AB_TESTING:,C,1604026560824.00,0.00,0.00,iyqjnqc,,,
2020-10-30T02:56:15.058182+00:00,app[web.1]:,AB_TESTING:,B,1604026575029.00,0.00,0.00,naxpkuq,,,
2020-10-30T02:56:16.077045+00:00,app[web.1]:,AB_TESTING:,B,1604026575029.00,1604026576045.00,mp1,naxpkuq,,,
2020-10-30T02:56:16.254495+00:00,app[web.1]:,AB_TESTING:,B,1604026575029.00,1604026576227.00,mp1,naxpkuq,,,
2020-10-30T02:56:16.591034+00:00,app[web.1]:,AB_TESTING:,B,1604026575029.00,1604026576558.00,mp1,naxpkuq,,,
2020-10-30T02:56:16.767737+00:00,app[web.1]:,AB_TESTING:,B,1604026575029.00,1604026576740.00,mp1,naxpkuq,,,
2020-10-30T02:56:17.256556+00:00,app[web.1]:,AB_TESTING:,B,1604026575029.00,1604026577227.00,mp2,naxpkuq,,,
2020-10-30T02:56:17.425521+00:00,app[web.1]:,AB_TESTING:,B,1604026575029.00,1604026577399.00,mp2,naxpkuq,,,
2020-10-30T02:56:17.546678+00:00,app[web.1]:,AB_TESTING:,B,1604026575029.00,1604026577517.00,mp2,naxpkuq,,,
2020-10-30T02:56:18.462576+00:00,app[web.1]:,AB_TESTING:,B,1604026575029.00,1604026578430.00,mp3,naxpkuq,,,
2020-10-30T02:56:18.614560+00:00,app[web.1]:,AB_TESTING:,B,1604026575029.00,1604026578587.00,mp3,naxpkuq,,,
2020-10-30T02:56:18.739650+00:00,app[web.1]:,AB_TESTING:,B,1604026575029.00,1604026578713.00,mp3,naxpkuq,,,
2020-10-30T02:56:19.574022+00:00,app[web.1]:,AB_TESTING:,B,1604026575029.00,1604026579542.00,mp4,naxpkuq,,,
2020-10-30T02:56:19.706059+00:00,app[web.1]:,AB_TESTING:,B,1604026575029.00,1604026579675.00,mp4,naxpkuq,,,
2020-10-30T02:56:32.809148+00:00,app[web.1]:,AB_TESTING:,A,1604026592780.00,0.00,0.00,jojaouzn,,,
2020-10-30T02:56:33.759272+00:00,app[web.1]:,AB_TESTING:,A,1604026592780.00,1604026593727.00,mp1,jojaouzn,,,
2020-10-30T02:56:34.358717+00:00,app[web.1]:,AB_TESTING:,A,1604026592780.00,1604026594332.00,mp1,jojaouzn,,,
2020-10-30T02:56:34.518145+00:00,app[web.1]:,AB_TESTING:,A,1604026592780.00,1604026594490.00,mp1,jojaouzn,,,
2020-10-30T02:56:34.673179+00:00,app[web.1]:,AB_TESTING:,A,1604026592780.00,1604026594648.00,mp1,jojaouzn,,,
2020-10-30T02:56:35.302590+00:00,app[web.1]:,AB_TESTING:,A,1604026592780.00,1604026595269.00,mp2,jojaouzn,,,
2020-10-30T02:56:35.452379+00:00,app[web.1]:,AB_TESTING:,A,1604026592780.00,1604026595427.00,mp2,jojaouzn,,,
2020-10-30T02:56:35.579680+00:00,app[web.1]:,AB_TESTING:,A,1604026592780.00,1604026595553.00,mp2,jojaouzn,,,
2020-10-30T02:56:36.567901+00:00,app[web.1]:,AB_TESTING:,A,1604026592780.00,1604026596535.00,mp3,jojaouzn,,,
2020-10-30T02:56:36.703708+00:00,app[web.1]:,AB_TESTING:,A,1604026592780.00,1604026596669.00,mp3,jojaouzn,,,
2020-10-30T02:56:36.847362+00:00,app[web.1]:,AB_TESTING:,A,1604026592780.00,1604026596820.00,mp3,jojaouzn,,,
2020-10-30T02:56:37.493311+00:00,app[web.1]:,AB_TESTING:,A,1604026592780.00,1604026597457.00,mp4,jojaouzn,,,
2020-10-30T02:56:37.641526+00:00,app[web.1]:,AB_TESTING:,A,1604026592780.00,1604026597613.00,mp4,jojaouzn,,,
2020-10-30T02:56:37.802590+00:00,app[web.1]:,AB_TESTING:,A,1604026592780.00,1604026597771.00,mp4,jojaouzn,,,
2020-10-30T02:56:41.039769+00:00,app[web.1]:,AB_TESTING:,B,1604026601009.00,0.00,0.00,pycyfluh,,,
2020-10-30T02:56:46.657147+00:00,app[web.1]:,AB_TESTING:,B,1604026601009.00,1604026606620.00,mp1,pycyfluh,,,
2020-10-30T02:56:47.429423+00:00,app[web.1]:,AB_TESTING:,B,1604026601009.00,1604026607404.00,mp2,pycyfluh,,,
2020-10-30T02:56:48.994198+00:00,app[web.1]:,AB_TESTING:,B,1604026601009.00,1604026608957.00,mp3,pycyfluh,,,
2020-10-30T02:56:49.959518+00:00,app[web.1]:,AB_TESTING:,B,1604026601009.00,1604026609933.00,mp4,pycyfluh,,,
2020-10-30T02:56:50.330571+00:00,app[web.1]:,AB_TESTING:,B,1604026601009.00,1604026610304.00,mp4,pycyfluh,,,
2020-10-30T02:56:50.838834+00:00,app[web.1]:,AB_TESTING:,B,1604026601009.00,1604026610812.00,mp4,pycyfluh,,,
2020-10-30T02:56:51.011956+00:00,app[web.1]:,AB_TESTING:,B,1604026601009.00,1604026610986.00,mp4,pycyfluh,,,
2020-10-30T02:56:55.439544+00:00,app[web.1]:,AB_TESTING:,B,1604026615412.00,0.00,0.00,zsfsgzqgo,,,
2020-10-30T02:56:56.352638+00:00,app[web.1]:,AB_TESTING:,B,1604026615412.00,1604026616319.00,mp1,zsfsgzqgo,,,
2020-10-30T02:56:56.508204+00:00,app[web.1]:,AB_TESTING:,B,1604026615412.00,1604026616481.00,mp1,zsfsgzqgo,,,
2020-10-30T02:56:56.675617+00:00,app[web.1]:,AB_TESTING:,B,1604026615412.00,1604026616648.00,mp1,zsfsgzqgo,,,
2020-10-30T02:56:57.406132+00:00,app[web.1]:,AB_TESTING:,B,1604026615412.00,1604026617379.00,mp2,zsfsgzqgo,,,
2020-10-30T02:56:57.564961+00:00,app[web.1]:,AB_TESTING:,B,1604026615412.00,1604026617538.00,mp2,zsfsgzqgo,,,
2020-10-30T02:56:57.713082+00:00,app[web.1]:,AB_TESTING:,B,1604026615412.00,1604026617686.00,mp2,zsfsgzqgo,,,
2020-10-30T02:56:58.641210+00:00,app[web.1]:,AB_TESTING:,B,1604026615412.00,1604026618616.00,mp3,zsfsgzqgo,,,
2020-10-30T02:56:58.799887+00:00,app[web.1]:,AB_TESTING:,B,1604026615412.00,1604026618773.00,mp3,zsfsgzqgo,,,
2020-10-30T02:56:58.949066+00:00,app[web.1]:,AB_TESTING:,B,1604026615412.00,1604026618922.00,mp3,zsfsgzqgo,,,
2020-10-30T02:56:59.695925+00:00,app[web.1]:,AB_TESTING:,B,1604026615412.00,1604026619664.00,mp4,zsfsgzqgo,,,
2020-10-30T02:56:59.862515+00:00,app[web.1]:,AB_TESTING:,B,1604026615412.00,1604026619836.00,mp4,zsfsgzqgo,,,
2020-10-30T02:57:00.013312+00:00,app[web.1]:,AB_TESTING:,B,1604026615412.00,1604026619986.00,mp4,zsfsgzqgo,,,
2020-10-30T02:57:03.551387+00:00,app[web.1]:,AB_TESTING:,B,1604026623522.00,0.00,0.00,tsxlgj,,,
2020-10-30T02:57:04.714390+00:00,app[web.1]:,AB_TESTING:,B,1604026623522.00,1604026624686.00,mp1,tsxlgj,,,
2020-10-30T02:57:04.860786+00:00,app[web.1]:,AB_TESTING:,B,1604026623522.00,1604026624835.00,mp1,tsxlgj,,,
2020-10-30T02:57:05.010555+00:00,app[web.1]:,AB_TESTING:,B,1604026623522.00,1604026624985.00,mp1,tsxlgj,,,
2020-10-30T02:57:05.844906+00:00,app[web.1]:,AB_TESTING:,B,1604026623522.00,1604026625812.00,mp2,tsxlgj,,,
2020-10-30T02:57:05.988432+00:00,app[web.1]:,AB_TESTING:,B,1604026623522.00,1604026625961.00,mp2,tsxlgj,,,
2020-10-30T02:57:06.123219+00:00,app[web.1]:,AB_TESTING:,B,1604026623522.00,1604026626093.00,mp2,tsxlgj,,,
2020-10-30T02:57:06.852380+00:00,app[web.1]:,AB_TESTING:,B,1604026623522.00,1604026626826.00,mp3,tsxlgj,,,
2020-10-30T02:57:07.038191+00:00,app[web.1]:,AB_TESTING:,B,1604026623522.00,1604026627007.00,mp3,tsxlgj,,,
2020-10-30T02:57:07.172131+00:00,app[web.1]:,AB_TESTING:,B,1604026623522.00,1604026627142.00,mp3,tsxlgj,,,
2020-10-30T02:57:08.381619+00:00,app[web.1]:,AB_TESTING:,B,1604026623522.00,1604026628346.00,mp4,tsxlgj,,,
2020-10-30T02:57:08.546239+00:00,app[web.1]:,AB_TESTING:,B,1604026623522.00,1604026628517.00,mp4,tsxlgj,,,
2020-10-30T02:57:08.718948+00:00,app[web.1]:,AB_TESTING:,B,1604026623522.00,1604026628693.00,mp4,tsxlgj,,,
2020-10-30T02:57:08.874726+00:00,app[web.1]:,AB_TESTING:,B,1604026623522.00,1604026628848.00,mp4,tsxlgj,,,
2020-10-30T02:57:10.924839+00:00,app[web.1]:,AB_TESTING:,C,1604026630897.00,0.00,0.00,tsxlgj,,,
2020-10-30T02:57:14.433986+00:00,app[web.1]:,AB_TESTING:,A,1604026634403.00,0.00,0.00,sysqkzlkd,,,
2020-10-30T02:57:15.297824+00:00,app[web.1]:,AB_TESTING:,A,1604026634403.00,1604026635262.00,mp1,sysqkzlkd,,,
2020-10-30T02:57:15.452113+00:00,app[web.1]:,AB_TESTING:,A,1604026634403.00,1604026635426.00,mp1,sysqkzlkd,,,
2020-10-30T02:57:15.615396+00:00,app[web.1]:,AB_TESTING:,A,1604026634403.00,1604026635583.00,mp1,sysqkzlkd,,,
2020-10-30T02:57:16.388383+00:00,app[web.1]:,AB_TESTING:,A,1604026634403.00,1604026636348.00,mp2,sysqkzlkd,,,
2020-10-30T02:57:16.554534+00:00,app[web.1]:,AB_TESTING:,A,1604026634403.00,1604026636522.00,mp2,sysqkzlkd,,,
2020-10-30T02:57:16.695777+00:00,app[web.1]:,AB_TESTING:,A,1604026634403.00,1604026636670.00,mp2,sysqkzlkd,,,
2020-10-30T02:57:17.755272+00:00,app[web.1]:,AB_TESTING:,A,1604026634403.00,1604026637724.00,mp3,sysqkzlkd,,,
2020-10-30T02:57:18.136018+00:00,app[web.1]:,AB_TESTING:,A,1604026634403.00,1604026638102.00,mp3,sysqkzlkd,,,
2020-10-30T02:57:18.301631+00:00,app[web.1]:,AB_TESTING:,A,1604026634403.00,1604026638275.00,mp3,sysqkzlkd,,,
2020-10-30T02:57:18.443532+00:00,app[web.1]:,AB_TESTING:,A,1604026634403.00,1604026638418.00,mp3,sysqkzlkd,,,
2020-10-30T02:57:19.363175+00:00,app[web.1]:,AB_TESTING:,A,1604026634403.00,1604026639330.00,mp4,sysqkzlkd,,,
2020-10-30T02:57:19.525862+00:00,app[web.1]:,AB_TESTING:,A,1604026634403.00,1604026639489.00,mp4,sysqkzlkd,,,
2020-10-30T02:57:19.647368+00:00,app[web.1]:,AB_TESTING:,A,1604026634403.00,1604026639621.00,mp4,sysqkzlkd,,,
2020-10-30T02:57:22.762478+00:00,app[web.1]:,AB_TESTING:,B,1604026642726.00,0.00,0.00,tikldoqdn,,,
2020-10-30T02:57:23.724509+00:00,app[web.1]:,AB_TESTING:,B,1604026642726.00,1604026643684.00,mp1,tikldoqdn,,,
2020-10-30T02:57:24.255691+00:00,app[web.1]:,AB_TESTING:,B,1604026642726.00,1604026644229.00,mp2,tikldoqdn,,,
2020-10-30T02:57:25.149229+00:00,app[web.1]:,AB_TESTING:,B,1604026642726.00,1604026645124.00,mp3,tikldoqdn,,,
2020-10-30T02:57:25.325197+00:00,app[web.1]:,AB_TESTING:,B,1604026642726.00,1604026645289.00,mp3,tikldoqdn,,,
2020-10-30T02:57:25.467704+00:00,app[web.1]:,AB_TESTING:,B,1604026642726.00,1604026645441.00,mp3,tikldoqdn,,,
2020-10-30T02:57:25.602826+00:00,app[web.1]:,AB_TESTING:,B,1604026642726.00,1604026645575.00,mp3,tikldoqdn,,,
2020-10-30T02:57:26.380651+00:00,app[web.1]:,AB_TESTING:,B,1604026642726.00,1604026646355.00,mp4,tikldoqdn,,,
2020-10-30T02:57:26.550024+00:00,app[web.1]:,AB_TESTING:,B,1604026642726.00,1604026646518.00,mp4,tikldoqdn,,,
2020-10-30T02:57:26.693961+00:00,app[web.1]:,AB_TESTING:,B,1604026642726.00,1604026646668.00,mp4,tikldoqdn,,,
2020-10-30T02:57:28.871808+00:00,app[web.1]:,AB_TESTING:,C,1604026648840.00,0.00,0.00,tikldoqdn,,,
2020-10-30T02:57:33.067585+00:00,app[web.1]:,AB_TESTING:,B,1604026653040.00,0.00,0.00,mcrsoata,,,
2020-10-30T02:57:33.967970+00:00,app[web.1]:,AB_TESTING:,B,1604026653040.00,1604026653937.00,mp1,mcrsoata,,,
2020-10-30T02:57:34.131482+00:00,app[web.1]:,AB_TESTING:,B,1604026653040.00,1604026654101.00,mp1,mcrsoata,,,
2020-10-30T02:57:34.939504+00:00,app[web.1]:,AB_TESTING:,B,1604026653040.00,1604026654913.00,mp2,mcrsoata,,,
2020-10-30T02:57:35.118425+00:00,app[web.1]:,AB_TESTING:,B,1604026653040.00,1604026655087.00,mp2,mcrsoata,,,
2020-10-30T02:57:35.251828+00:00,app[web.1]:,AB_TESTING:,B,1604026653040.00,1604026655227.00,mp2,mcrsoata,,,
2020-10-30T02:57:36.182378+00:00,app[web.1]:,AB_TESTING:,B,1604026653040.00,1604026656156.00,mp3,mcrsoata,,,
2020-10-30T02:57:36.357570+00:00,app[web.1]:,AB_TESTING:,B,1604026653040.00,1604026656331.00,mp3,mcrsoata,,,
2020-10-30T02:57:36.488299+00:00,app[web.1]:,AB_TESTING:,B,1604026653040.00,1604026656463.00,mp3,mcrsoata,,,
2020-10-30T02:57:37.299838+00:00,app[web.1]:,AB_TESTING:,B,1604026653040.00,1604026657274.00,mp4,mcrsoata,,,
2020-10-30T02:57:37.465418+00:00,app[web.1]:,AB_TESTING:,B,1604026653040.00,1604026657440.00,mp4,mcrsoata,,,
2020-10-30T02:57:37.625027+00:00,app[web.1]:,AB_TESTING:,B,1604026653040.00,1604026657598.00,mp4,mcrsoata,,,
2020-10-30T02:57:38.961484+00:00,app[web.1]:,AB_TESTING:,C,1604026658932.00,0.00,0.00,mcrsoata,,,
2020-10-30T02:57:41.963497+00:00,app[web.1]:,AB_TESTING:,B,1604026661934.00,0.00,0.00,gsmivmz,,,
2020-10-30T02:57:43.437919+00:00,app[web.1]:,AB_TESTING:,B,1604026661934.00,1604026663399.00,mp1,gsmivmz,,,
2020-10-30T02:57:44.265086+00:00,app[web.1]:,AB_TESTING:,B,1604026661934.00,1604026664232.00,mp2,gsmivmz,,,
2020-10-30T02:57:45.807225+00:00,app[web.1]:,AB_TESTING:,B,1604026661934.00,1604026665774.00,mp3,gsmivmz,,,
2020-10-30T02:57:45.967756+00:00,app[web.1]:,AB_TESTING:,B,1604026661934.00,1604026665941.00,mp3,gsmivmz,,,
2020-10-30T02:57:46.117585+00:00,app[web.1]:,AB_TESTING:,B,1604026661934.00,1604026666090.00,mp3,gsmivmz,,,
2020-10-30T02:57:46.259353+00:00,app[web.1]:,AB_TESTING:,B,1604026661934.00,1604026666233.00,mp3,gsmivmz,,,
2020-10-30T02:57:46.935218+00:00,app[web.1]:,AB_TESTING:,B,1604026661934.00,1604026666910.00,mp4,gsmivmz,,,
2020-10-30T02:57:47.117021+00:00,app[web.1]:,AB_TESTING:,B,1604026661934.00,1604026667092.00,mp4,gsmivmz,,,
2020-10-30T02:57:47.291737+00:00,app[web.1]:,AB_TESTING:,B,1604026661934.00,1604026667265.00,mp4,gsmivmz,,,
2020-10-30T02:57:47.455613+00:00,app[web.1]:,AB_TESTING:,B,1604026661934.00,1604026667430.00,mp4,gsmivmz,,,
2020-10-30T02:57:48.819666+00:00,app[web.1]:,AB_TESTING:,C,1604026668793.00,0.00,0.00,gsmivmz,,,
2020-10-30T02:57:53.178723+00:00,app[web.1]:,AB_TESTING:,B,1604026673147.00,0.00,0.00,zurka,,,
2020-10-30T02:57:55.093068+00:00,app[web.1]:,AB_TESTING:,B,1604026673147.00,1604026675055.00,mp1,zurka,,,
2020-10-30T02:57:55.230381+00:00,app[web.1]:,AB_TESTING:,B,1604026673147.00,1604026675204.00,mp1,zurka,,,
2020-10-30T02:57:55.383538+00:00,app[web.1]:,AB_TESTING:,B,1604026673147.00,1604026675354.00,mp1,zurka,,,
2020-10-30T02:57:56.159918+00:00,app[web.1]:,AB_TESTING:,B,1604026673147.00,1604026676134.00,mp2,zurka,,,
2020-10-30T02:57:56.324560+00:00,app[web.1]:,AB_TESTING:,B,1604026673147.00,1604026676297.00,mp2,zurka,,,
2020-10-30T02:57:56.459928+00:00,app[web.1]:,AB_TESTING:,B,1604026673147.00,1604026676433.00,mp2,zurka,,,
2020-10-30T02:57:57.941408+00:00,app[web.1]:,AB_TESTING:,B,1604026673147.00,1604026677911.00,mp3,zurka,,,
2020-10-30T02:57:58.096297+00:00,app[web.1]:,AB_TESTING:,B,1604026673147.00,1604026678070.00,mp3,zurka,,,
2020-10-30T02:57:58.263064+00:00,app[web.1]:,AB_TESTING:,B,1604026673147.00,1604026678229.00,mp3,zurka,,,
2020-10-30T02:57:58.907896+00:00,app[web.1]:,AB_TESTING:,B,1604026673147.00,1604026678880.00,mp4,zurka,,,
2020-10-30T02:57:59.073947+00:00,app[web.1]:,AB_TESTING:,B,1604026673147.00,1604026679047.00,mp4,zurka,,,
2020-10-30T02:57:59.232700+00:00,app[web.1]:,AB_TESTING:,B,1604026673147.00,1604026679205.00,mp4,zurka,,,
2020-10-30T02:58:00.731184+00:00,app[web.1]:,AB_TESTING:,B,1604026680604.00,0.00,0.00,lqdbkpcsg,,,
2020-10-30T02:58:03.849438+00:00,app[web.1]:,AB_TESTING:,B,1604026683821.00,0.00,0.00,yooqvixlkf,,,
2020-10-30T02:58:03.922246+00:00,app[web.1]:,AB_TESTING:,B,1604026683821.00,1604026683895.00,mp1,yooqvixlkf,,,
2020-10-30T02:58:04.075309+00:00,app[web.1]:,AB_TESTING:,B,1604026683821.00,1604026684049.00,mp1,yooqvixlkf,,,
2020-10-30T02:58:04.732396+00:00,app[web.1]:,AB_TESTING:,B,1604026683821.00,1604026684700.00,mp2,yooqvixlkf,,,
2020-10-30T02:58:04.917737+00:00,app[web.1]:,AB_TESTING:,B,1604026683821.00,1604026684880.00,mp2,yooqvixlkf,,,
2020-10-30T02:58:05.026993+00:00,app[web.1]:,AB_TESTING:,B,1604026683821.00,1604026685000.00,mp2,yooqvixlkf,,,
2020-10-30T02:58:05.804173+00:00,app[web.1]:,AB_TESTING:,B,1604026683821.00,1604026685774.00,mp3,yooqvixlkf,,,
2020-10-30T02:58:05.966939+00:00,app[web.1]:,AB_TESTING:,B,1604026683821.00,1604026685939.00,mp3,yooqvixlkf,,,
2020-10-30T02:58:06.122007+00:00,app[web.1]:,AB_TESTING:,B,1604026683821.00,1604026686097.00,mp3,yooqvixlkf,,,
2020-10-30T02:58:06.757933+00:00,app[web.1]:,AB_TESTING:,B,1604026683821.00,1604026686727.00,mp4,yooqvixlkf,,,
2020-10-30T02:58:06.937298+00:00,app[web.1]:,AB_TESTING:,B,1604026683821.00,1604026686901.00,mp4,yooqvixlkf,,,
2020-10-30T02:58:07.082472+00:00,app[web.1]:,AB_TESTING:,B,1604026683821.00,1604026687053.00,mp4,yooqvixlkf,,,
2020-10-30T02:58:08.600935+00:00,app[web.1]:,AB_TESTING:,B,1604026680604.00,1604026688328.00,mp1,lqdbkpcsg,,,
2020-10-30T02:58:09.514903+00:00,app[web.1]:,AB_TESTING:,B,1604026680604.00,1604026689451.00,mp2,lqdbkpcsg,,,
2020-10-30T02:58:11.626401+00:00,app[web.1]:,AB_TESTING:,B,1604026680604.00,1604026691367.00,mp3,lqdbkpcsg,,,
2020-10-30T02:58:11.716420+00:00,app[web.1]:,AB_TESTING:,B,1604026691682.00,0.00,0.00,hebjswdkd,,,
2020-10-30T02:58:12.379623+00:00,app[web.1]:,AB_TESTING:,B,1604026691682.00,1604026692346.00,mp1,hebjswdkd,,,
2020-10-30T02:58:12.546234+00:00,app[web.1]:,AB_TESTING:,B,1604026691682.00,1604026692521.00,mp1,hebjswdkd,,,
2020-10-30T02:58:12.708517+00:00,app[web.1]:,AB_TESTING:,B,1604026691682.00,1604026692678.00,mp1,hebjswdkd,,,
2020-10-30T02:58:13.230279+00:00,app[web.1]:,AB_TESTING:,B,1604026691682.00,1604026693195.00,mp2,hebjswdkd,,,
2020-10-30T02:58:13.412529+00:00,app[web.1]:,AB_TESTING:,B,1604026691682.00,1604026693387.00,mp2,hebjswdkd,,,
2020-10-30T02:58:13.567047+00:00,app[web.1]:,AB_TESTING:,B,1604026691682.00,1604026693536.00,mp2,hebjswdkd,,,
2020-10-30T02:58:13.894813+00:00,app[web.1]:,AB_TESTING:,B,1604026680604.00,1604026693724.00,mp4,lqdbkpcsg,,,
2020-10-30T02:58:14.403334+00:00,app[web.1]:,AB_TESTING:,B,1604026691682.00,1604026694370.00,mp3,hebjswdkd,,,
2020-10-30T02:58:14.569511+00:00,app[web.1]:,AB_TESTING:,B,1604026691682.00,1604026694543.00,mp3,hebjswdkd,,,
2020-10-30T02:58:15.305728+00:00,app[web.1]:,AB_TESTING:,B,1604026691682.00,1604026695270.00,mp4,hebjswdkd,,,
2020-10-30T02:58:15.466933+00:00,app[web.1]:,AB_TESTING:,B,1604026691682.00,1604026695440.00,mp4,hebjswdkd,,,
2020-10-30T02:58:15.469304+00:00,app[web.1]:,AB_TESTING:,B,1604026680604.00,1604026695174.00,mp4,lqdbkpcsg,,,
2020-10-30T02:58:15.637023+00:00,app[web.1]:,AB_TESTING:,B,1604026691682.00,1604026695606.00,mp4,hebjswdkd,,,
2020-10-30T02:58:15.727285+00:00,app[web.1]:,AB_TESTING:,B,1604026680604.00,1604026695665.00,mp4,lqdbkpcsg,,,
2020-10-30T02:58:16.136633+00:00,app[web.1]:,AB_TESTING:,B,1604026680604.00,1604026696070.00,mp4,lqdbkpcsg,,,
2020-10-30T02:58:16.508359+00:00,app[web.1]:,AB_TESTING:,B,1604026680604.00,1604026696452.00,mp4,lqdbkpcsg,,,
2020-10-30T02:58:16.831412+00:00,app[web.1]:,AB_TESTING:,C,1604026696802.00,0.00,0.00,hebjswdkd,,,
2020-10-30T02:58:16.906123+00:00,app[web.1]:,AB_TESTING:,B,1604026680604.00,1604026696854.00,mp4,lqdbkpcsg,,,
2020-10-30T02:58:17.319441+00:00,app[web.1]:,AB_TESTING:,B,1604026680604.00,1604026697263.00,mp4,lqdbkpcsg,,,
2020-10-30T02:58:17.750397+00:00,app[web.1]:,AB_TESTING:,B,1604026680604.00,1604026697695.00,mp4,lqdbkpcsg,,,
2020-10-30T02:58:18.175007+00:00,app[web.1]:,AB_TESTING:,B,1604026680604.00,1604026698114.00,mp4,lqdbkpcsg,,,
2020-10-30T02:58:18.573066+00:00,app[web.1]:,AB_TESTING:,B,1604026680604.00,1604026698516.00,mp4,lqdbkpcsg,,,
2020-10-30T02:58:18.956625+00:00,app[web.1]:,AB_TESTING:,B,1604026680604.00,1604026698889.00,mp4,lqdbkpcsg,,,
2020-10-30T02:58:20.375040+00:00,app[web.1]:,AB_TESTING:,A,1604026700341.00,0.00,0.00,eqznzslz,,,
2020-10-30T02:58:20.423773+00:00,app[web.1]:,AB_TESTING:,B,1604026680604.00,1604026700357.00,mp4,lqdbkpcsg,,,
2020-10-30T02:58:21.132017+00:00,app[web.1]:,AB_TESTING:,A,1604026700341.00,1604026701096.00,mp1,eqznzslz,,,
2020-10-30T02:58:21.172547+00:00,app[web.1]:,AB_TESTING:,B,1604026680604.00,1604026701115.00,mp4,lqdbkpcsg,,,
2020-10-30T02:58:21.292927+00:00,app[web.1]:,AB_TESTING:,A,1604026700341.00,1604026701266.00,mp1,eqznzslz,,,
2020-10-30T02:58:21.973148+00:00,app[web.1]:,AB_TESTING:,A,1604026700341.00,1604026701936.00,mp2,eqznzslz,,,
2020-10-30T02:58:22.132274+00:00,app[web.1]:,AB_TESTING:,A,1604026700341.00,1604026702102.00,mp2,eqznzslz,,,
2020-10-30T02:58:22.294381+00:00,app[web.1]:,AB_TESTING:,A,1604026700341.00,1604026702266.00,mp2,eqznzslz,,,
2020-10-30T02:58:22.854465+00:00,app[web.1]:,AB_TESTING:,C,1604026702801.00,0.00,0.00,lqdbkpcsg,,,
2020-10-30T02:58:23.309449+00:00,app[web.1]:,AB_TESTING:,A,1604026700341.00,1604026703281.00,mp3,eqznzslz,,,
2020-10-30T02:58:23.497120+00:00,app[web.1]:,AB_TESTING:,A,1604026700341.00,1604026703470.00,mp3,eqznzslz,,,
2020-10-30T02:58:23.663477+00:00,app[web.1]:,AB_TESTING:,A,1604026700341.00,1604026703636.00,mp3,eqznzslz,,,
2020-10-30T02:58:24.422208+00:00,app[web.1]:,AB_TESTING:,A,1604026700341.00,1604026704393.00,mp4,eqznzslz,,,
2020-10-30T02:58:24.617268+00:00,app[web.1]:,AB_TESTING:,A,1604026700341.00,1604026704590.00,mp4,eqznzslz,,,
2020-10-30T02:58:24.796545+00:00,app[web.1]:,AB_TESTING:,A,1604026700341.00,1604026704769.00,mp4,eqznzslz,,,
2020-10-30T02:58:30.691320+00:00,app[web.1]:,AB_TESTING:,C,1604026710663.00,0.00,0.00,eqznzslz,,,